cg_ipo_id,name,sector,cap,estimated_price,hand_offer_price
2008,Shanti Gold International Limited,Manufacturing,Small Cap,237.0,199.0
2036,Aditya Infotech Limited,Technology,Small Cap,960.0,675.0
2030,Laxmi India Finance Limited,Financials,Small Cap,161.0,158.0
2038,Indiqube Spaces Limited,Services,Small Cap,237.0,237.0
2046,GNG Electronics Limited,Technology,Small Cap,331.0,237.0
2094,Brigade Hotel Ventures Limited,Services,Small Cap,90.0,90.0
2029,Anthem Biosciences Limited,Healthcare,Small Cap,749.0,570.0
2034,Smartworks Coworking Spaces Limited,Services,Small Cap,432.0,407.0
2054,Travel Food Services Limited,Services,Mid Cap,1125.0,1100.0
2096,Crizac Limited,Consumer Discretionary,Small Cap,286.5,245.0
2074,Indogulf Cropsciences Limited,Agriculture,Small Cap,129.0,111.0
2110,HDB Financial Services Ltd.,Financials,Large Cap,815.0,740.0
2073,Sambhv Steel Tubes Ltd.,Industrials,Small Cap,96.0,82.0
2149,Globe Civil Projects Ltd.,Industrials,Small Cap,98.0,71.0
2189,Ellenbarrie Industrial Gases Ltd.,Materials,Small Cap,457.0,400.0
2229,Kalpataru Ltd.,Real Estate,Mid Cap,415.5,414.0
1971,Arisinfra Solutions Ltd.,Industrials,Small Cap,222.0,222.0
2202,Oswal Pumps Ltd.,Industrials,Small Cap,655.0,614.0
2172,Scoda Tubes Ltd.,Industrials,Small Cap,160.0,140.0
2016,Prostarm Info Systems Ltd.,Technology,Small Cap,117.0,105.0
2080,Aegis Vopak Terminals Ltd.,Energy,Small Cap,234.0,235.0
2182,Schloss Bangalore,Services,Small Cap,437.0,435.0
2083,Belrise Industries Ltd.,Auto & Auto Ancillaries,Small Cap,111.0,90.0
2099,Borana Weaves Ltd.,Manufacturing,Small Cap,259.0,216.0
2357,Ather Energy Ltd.,Auto & Auto Ancillaries,Mid Cap,333.0,321.0
1988,Quality Power Electrical Equipments Ltd.,Industrials,Small Cap,430.0,425.0
1985,Hexaware Technologies Ltd.,Technology,Large Cap,708.0,708.0
1983,Ajax Engineering Ltd.,Industrials,Mid Cap,626.0,629.0
1975,Dr.Agarwal's Health Care Ltd.,Healthcare,Mid Cap,398.0,402.0
1970,Denta Water & Infra Solutions Ltd.,Industrials,Small Cap,367.0,294.0
1967,Stallion India Fluorochemicals,Materials,Small Cap,125.0,90.0
1961,Laxmi Dental Ltd.,Healthcare,Small Cap,573.0,428.0
1954,Quadrant Future Tek,Industrials,Small Cap,410.0,290.0
1951,Standard Glass Lining Technology Ltd.,Materials,Small Cap,190.0,140.0
1934,Indio Farm Equipment Ltd.,Agriculture,Small Cap,291.0,215.0
1942,Unimech Aerospace & Manufacturing Ltd.,Manufacturing,Mid Cap,1410.0,785.0
1945,Carraro India Ltd.,Manufacturing,Small Cap,704.0,704.0
1943,Senores Pharmaceuticals Ltd.,Healthcare,Small Cap,675.0,391.0
1939,Ventive Hospitality Ltd.,Services,Mid Cap,723.0,643.0
1941,Concord Enviro Systems Ltd.,Services,Small Cap,839.0,701.0
1940,Sanathan Textiles Ltd.,Manufacturing,Small Cap,408.0,321.0
1937,Mamata Machinery Ltd.,Manufacturing,Small Cap,503.0,243.0
1936,DAM Capital Advisors Ltd.,Financials,Mid Cap,426.0,283.0
1933,Transrail Lighting Ltd.,Services,Small Cap,597.0,432.0
1930,International Gemmological Institute (India) Ltd.,Services,Small Cap,576.0,417.0
1926,Inventurus Knowledge Solutions Ltd.,Healthcare,Small Cap,1750.0,1329.0
1928,One Mobikwik Systems Ltd.,Technology,Small Cap,439.0,279.0
1925,Sai Life Sciences Ltd.,Healthcare,Mid Cap,621.0,549.0
1924,Vishal Mega Mart,Services,Mid Cap,100.0,78.0
1918,Suraksha Diagnostic Ltd.,Healthcare,Small Cap,454.0,352.0
1911,Enviro Infra Engineers Ltd.,Services,Small Cap,205.0,203.0
1902,NTPC Green Energy Ltd.,Energy,Small Cap,109.0,1503.0
1904,Zinka Logistics Solutions Ltd.,Services,Small Cap,273.0,1960.0
1899,Niva Bupa Health Insurance Company Limited,Financials,Mid Cap,75.0,95.0
1897,ACME Solar Holdings Ltd.,Energy,Small Cap,285.0,168.0
1896,Swiggy Ltd.,Services,Large Cap,390.0,220.0
1898,Sagility India Ltd.,Healthcare,Small Cap,30.3,120.0
1881,Afcons Infrastructure Limited,Industrials,Mid Cap,478.0,263.0
1895,Godavari Biorefineries Ltd.,Materials,Mid Cap,357.0,128.0
1890,Deepak Builders & Engineers India Ltd.,Industrials,Small Cap,235.0,172.0
1888,Waaree Energies,Energy,Mid Cap,2798.0,480.0
1879,Hyundai Motor India Ltd.,Auto & Auto Ancillaries,Large Cap,2022.0,240.0
1883,Garuda Construction and Engineering Ltd.,Industrials,Small Cap,95.0,226.0
1874,Diffusion Engineers,Industrials,Small Cap,226.0,70.0
1864,KRN Heat Exchanger & Refrigeration Ltd.,Manufacturing,Small Cap,455.0,83.0
1866,Manba Finance Ltd.,Financials,Small Cap,153.0,529.0
1855,Northern Arc Capital,Financials,Small Cap,394.0,389.0
1849,Arkade Developers Ltd.,Real Estate,Small Cap,191.0,334.0
1844,Western Carriers India Ltd,Services,Small Cap,188.0,450.0
1841,P N Gadgil Jewellers Ltd.,Consumer Discretionary,Mid Cap,783.5,206.0
1839,Kross Ltd.,Services,Small Cap,264.5,900.0
1837,Tolins Tyres Ltd.,Auto & Auto Ancillaries,Small Cap,256.0,160.0
1822,Bajaj Housing Finance Ltd.,Financials,Mid Cap,142.0,108.0
1835,Shree Tirupati Balajee Agro Trading Company Limited,Manufacturing,Small Cap,110.0,465.0
1829,Gala Precision Engineering Ltd.,Manufacturing,Small Cap,774.0,76.0
1825,Baazar Style Retail Ltd.,Services,Small Cap,422.0,401.0
1820,ECOS Mobility IPO,Services,Small Cap,460.0,679.0
1818,Premier Energies Ltd.,Energy,Small Cap,937.0,256.0
1809,Orient Technologies Ltd.,Technology,Small Cap,301.0,95.0
1811,Interarch Building Products Ltd.,Services,Small Cap,1236.0,1008.0
1542,Saraswati Saree Depot Ltd.,Services,Small Cap,200.0,207.0
1802,Unicommerce eSolutions Ltd.,Technology,Small Cap,177.0,281.0
1801,Brainbees Solutions Ltd.,Technology,Small Cap,552.0,369.0
1765,Ola Electric Mobility Ltd.,Auto & Auto Ancillaries,Mid Cap,73.0,203.0
1798,Ceigall India Ltd.,Industrials,Small Cap,418.5,120.0
1794,Akums Drugs and Pharmaceuticals Ltd.,Healthcare,Mid Cap,722.0,93.0
1767,Bansal Wire Industries Ltd.,Materials,Mid Cap,326.0,256.0
1779,Sanstar Ltd.,Manufacturing,Small Cap,120.0,95.0
1766,Emcure Pharmaceuticals Ltd.,Healthcare,Mid Cap,1308.0,1008.0
1758,Vraj Iron And Steel Limited,Materials,Small Cap,257.0,207.0
1580,Allied Blenders & Distillers Ltd.,Consumer Discretionary,Mid Cap,340.0,281.0
1749,Stanley Lifestyles Ltd.,Manufacturing,Small Cap,542.0,369.0
1746,DEE Development Engineers,Manufacturing,Small Cap,293.0,203.0
1751,Akme Fintrade,Financials,Small Cap,136.0,120.0
1742,Le Travenues Technology Ltd.,Technology,Small Cap,123.5,93.0
1738,Kronox Lab Sciences Ltd.,Materials,Small Cap,164.0,136.0
1730,Awfis Space Solutions Ltd.,Services,Small Cap,467.0,383.0
1727,Go Digit General Insurance Ltd.,Financials,Small Cap,276.0,272.0
1716,TBO Tek Ltd.,Services,Mid Cap,1220.0,920.0
1717,Aadhar Housing Finance Ltd.,Financials,Small Cap,358.0,315.0
1713,Indegene Ltd.,Healthcare,Mid Cap,727.0,452.0
1704,JNK India Ltd.,Industrials,Small Cap,550.0,415.0
1694,Bharti Hexacom Ltd.,Technology,Large Cap,710.0,570.0
1682,SRM Contractors Ltd.,Industrials,Small Cap,280.0,210.0
1665,Krystal Integrated Services Ltd.,Industrials,Small Cap,775.0,715.0
1672,Popular Vehicles & Services Ltd.,Consumer Discretionary,Small Cap,295.0,295.0
1667,Gopal Snacks Ltd.,Consumer Discretionary,Small Cap,376.0,401.0
1663,J.G.Chemicals,Materials,Small Cap,226.0,221.0
1620,R K SWAMY Ltd.,Services,Mid Cap,288.0,288.0
1586,Mukka Proteins,Materials,Small Cap,63.0,28.0
1642,Exicom Tele-Systems,Energy,Small Cap,302.0,142.0
1638,Platinum Industries Ltd.,Materials,Small Cap,258.0,171.0
1655,GPT Healthcare Ltd.,Healthcare,Small Cap,203.0,186.0
1654,Juniper Hotels,Services,Small Cap,360.0,360.0
1646,Vibhor Steel Tubes Ltd.,Materials,Small Cap,291.0,151.0
1643,Entero Healthcare Solutions Ltd.,Healthcare,Small Cap,1260.0,1258.0
1640,Jana Small Finance Bank Ltd.,Financials,Mid Cap,430.0,414.0
1641,Capital Small Finance Bank,Financials,Small Cap,468.0,468.0
1634,Rashi Peripherals Ltd.,Technology,Small Cap,345.0,311.0
1635,Apeejay Surrendra Park Hotels Ltd.,Services,Small Cap,193.0,155.0
1632,BLS E-Services Ltd.,Services,Small Cap,290.0,135.0
1616,Nova AgriTech Ltd.,Agriculture,Small Cap,54.0,41.0
1619,EPACK Durable Ltd.,Consumer Discretionary,Small Cap,235.0,230.0
1612,Medi Assist Healthcare Services Ltd.,Financials,Small Cap,452.0,418.0
1611,Jyoti CNC Automation Ltd.,Manufacturing,Mid Cap,369.0,331.0
