cg_ipo_id,ig_name,listing_date,gmp,offer,est_price,ig_updated
2665,Vishal Nirmiti,2026-10-08,2.0,220.0,222.0,8-Oct-2026 03:37:01 PM
2974,Nityas Gems & Jewellery,2026-10-08,1.0,75.0,76.0,8-Oct-2026 03:37:02 PM
2858,SRIT India,2026-10-06,59.0,130.0,189.0,6-Oct-2026 03:37:03 PM
2657,Shah Investor's Home,2026-10-06,17.0,167.0,184.0,6-Oct-2026 03:37:02 PM
2543,Acevector,2026-10-05,0.0,32.0,32.0,5-Oct-2026 03:37:03 PM
2298,Runwal Enterprises,2026-10-05,0.0,305.0,305.0,5-Oct-2026 03:37:02 PM
2497,German Green Steel,2026-10-05,9.5,139.0,148.5,5-Oct-2026 03:37:02 PM
2532,Orient Cables,2026-10-05,110.0,272.0,382.0,5-Oct-2026 03:37:02 PM
2936,Moneyview,2026-10-01,14.5,34.0,48.5,1-Oct-2026 03:37:05 PM
2000,A-One Steels,2026-10-01,46.0,405.0,451.0,1-Oct-2026 03:37:01 PM
3007,Adroit Industries,2026-09-30,55.0,134.0,189.0,30-Sep-2026 03:37:08 PM
2140,ArMee Infotech,2026-09-30,6.0,375.0,381.0,30-Sep-2026 03:37:02 PM
2287,Swastika Infra,2026-09-30,7.0,185.0,192.0,30-Sep-2026 03:37:02 PM
2647,Elevate Campuses,2026-09-30,6.5,362.0,368.5,30-Sep-2026 03:37:04 PM
2563,Varmora Granito,2026-09-29,1.0,148.0,149.0,29-Sep-2026 03:37:04 PM
3151,NSE,2026-09-24,40.0,1785.0,1825.0,24-Sep-2026 03:37:08 PM
2805,Sonaselection India,2026-09-24,0.0,99.0,99.0,24-Sep-2026 03:37:06 PM
2822,SS Retail,2026-09-23,160.0,424.0,584.0,23-Sep-2026 03:37:08 PM
2803,Jindal Supreme,2026-09-23,29.0,93.0,122.0,23-Sep-2026 03:37:07 PM
2225,Hero Motors,2026-09-23,-3.0,84.0,81.0,23-Sep-2026 03:37:02 PM
2483,Manika Plastech,2026-09-21,1.0,43.0,44.0,21-Sep-2026 03:37:03 PM
2834,Veegaland Developers,2026-09-18,8.0,140.0,148.0,18-Sep-2026 03:37:01 PM
2558,Asset Reconstruction,2026-09-17,12.0,139.0,151.0,17-Sep-2026 03:30:01 PM
2524,Manipal Payment and Identity Solutions,2026-09-17,-6.0,339.0,333.0,17-Sep-2026 03:36:01 PM
2086,LCC Projects,2026-09-17,36.0,146.0,182.0,17-Sep-2026 03:34:01 PM
2514,Steamhouse,2026-09-17,13.5,81.0,94.5,17-Sep-2026 03:34:01 PM
2971,Rentomojo,2026-09-17,87.0,404.0,491.0,17-Sep-2026 03:32:01 PM
2020,Karamtara Engineering,2026-09-17,46.0,254.0,300.0,17-Sep-2026 03:29:01 PM
2594,Glass Wall Systems,2026-09-16,39.0,182.0,221.0,16-Sep-2026 03:36:01 PM
2856,Kanohar Electricals,2026-09-16,182.0,632.0,814.0,16-Sep-2026 03:33:01 PM
2775,Prasol Chemicals,2026-09-16,-13.0,676.0,663.0,16-Sep-2026 03:36:01 PM
2127,Pranav Constructions,2026-09-15,53.0,124.0,177.0,15-Sep-2026 03:33:01 PM
2827,Deepa Jewellers,2026-09-08,25.0,177.0,202.0,8-Sep-2026 03:37:01 PM
2787,Rays of Belief,2026-09-08,15.0,239.0,254.0,8-Sep-2026 03:33:01 PM
2622,Purple Style Labs,2026-09-07,-10.0,575.0,565.0,7-Sep-2026 03:32:00 PM
1198,ESDS Software Solution,2026-09-04,311.0,429.0,740.0,4-Sep-2026 03:33:01 PM
2435,Priority Jewels,2026-09-04,28.0,200.0,228.0,4-Sep-2026 03:30:01 PM
2013,Lumino Industries,2026-09-03,38.0,82.0,120.0,3-Sep-2026 03:33:00 PM
2500,Annu Projects,2026-09-02,-7.0,99.0,92.0,2-Sep-2026 03:36:01 PM
2591,Hy-Tech Engineers,2026-09-01,39.0,53.0,92.0,1-Sep-2026 03:31:00 PM
2510,Skyways Air,2026-09-01,33.0,138.0,171.0,1-Sep-2026 03:32:00 PM
2815,Symbiotec Pharmalab,2026-09-01,185.0,988.0,1173.0,1-Sep-2026 03:36:00 PM
2673,Augmont Enterprises,2026-08-31,290.0,788.0,1078.0,31-Aug-2026 03:29:01 PM
2668,Tempsens Instruments (India),2026-08-28,330.0,300.0,630.0,28-Aug-2026 03:35:01 PM
2527,Gaja Alternative Asset Management,2026-08-26,18.5,160.0,178.5,26-Aug-2026 03:34:01 PM
2663,Shankesh Jewellers,2026-08-25,2.75,93.0,95.75,25-Aug-2026 03:36:01 PM
2002,Sunshine Pictures,2026-08-25,50.0,360.0,410.0,25-Aug-2026 03:30:01 PM
2469,Lalithaa Jewellery Mart,2026-08-24,74.0,201.0,275.0,24-Aug-2026 03:33:01 PM
2826,Horizon Industrial Parks,2026-08-24,1.5,60.0,61.5,24-Aug-2026 03:37:01 PM
2450,Shiprocket,2026-08-19,35.0,97.0,132.0,19-Aug-2026 03:33:00 PM
2659,Behari Lal Engineering,2026-08-19,133.0,285.0,418.0,19-Aug-2026 03:32:00 PM
2541,Milky Mist Dairy Food,2026-08-18,19.7,140.0,159.7,18-Aug-2026 03:34:01 PM
2859,Dhoot Transmission,2026-08-17,262.0,871.0,1133.0,17-Aug-2026 02:54:00 PM
2579,Molbio Diagnostics,2026-08-17,116.0,807.0,923.0,17-Aug-2026 02:53:00 PM
2565,Technocraft Ventures,2026-08-14,42.0,212.0,254.0,14-Aug-2026 03:28:01 PM
2583,LEAP India,2026-08-14,13.0,159.0,172.0,14-Aug-2026 03:28:01 PM
2860,Ardee Industries,2026-08-12,17.0,53.0,70.0,12-Aug-2026 03:35:01 PM
2492,Juniper Green Energy,2026-08-06,23.0,225.0,248.0,6-Aug-2026 03:37:01 PM
2800,MV Electrosystems,2026-08-06,109.0,425.0,534.0,6-Aug-2026 03:35:01 PM
2956,Manipal Health Enterprises,2026-08-05,7.0,590.0,597.0,5-Aug-2026 03:30:01 PM
2682,Indo-MIM,2026-07-30,184.0,485.0,669.0,30-Jul-2026 03:36:01 PM
2688,Xtranet Technologies,2026-07-30,14.5,127.0,141.5,30-Jul-2026 03:31:01 PM
2574,Lohia Corp,2026-07-30,17.0,425.0,442.0,30-Jul-2026 03:30:01 PM
1999,Caliber Mining,2026-07-24,60.0,424.0,484.0,24-Jul-2026 03:35:01 PM
2949,SBI Funds Management,2026-07-21,65.0,574.0,639.0,21-Jul-2026 03:35:00 PM
2675,Alpine Texworld,2026-07-21,1.0,105.0,106.0,21-Jul-2026 03:35:00 PM
2654,Laser Power & Infra,2026-07-16,39.0,214.0,253.0,16-Jul-2026 03:29:01 PM
2670,Kusumgar,2026-07-15,161.0,419.0,580.0,15-Jul-2026 03:33:01 PM
2592,Knack Packaging,2026-07-08,13.0,170.0,183.0,8-Jul-2026 03:30:01 PM
2678,Aastha Spintex,2026-07-06,5.0,136.0,141.0,6-Jul-2026 03:33:01 PM
2641,CSM Technologies,2026-07-02,0.0,113.0,113.0,2-Jul-2026 03:31:01 PM
2686,Advit Jewels,2026-07-01,49.5,138.0,187.5,1-Jul-2026 03:34:00 PM
2474,Waterways Leisure Tourism,2026-07-01,-51.0,808.0,757.0,1-Jul-2026 03:36:00 PM
2601,Turtlemint Fintech Solutions,2026-06-29,-5.0,152.0,147.0,29-Jun-2026 03:34:01 PM
2658,Hexagon Nutrition,2026-06-12,2.75,45.0,47.75,12-Jun-2026 03:31:01 PM
2586,CMR Green Technologies,2026-06-10,66.5,192.0,258.5,10-Jun-2026 03:31:01 PM
2576,OnEMI Technology,2026-05-08,18.0,171.0,189.0,8-May-2026 09:15:00 PM
2676,Om Power Transmission,2026-04-17,2.0,175.0,177.0,17-Apr-2026 02:32:00 PM
2681,Sai Parenteral's,2026-04-02,0.0,392.0,392.0,2-Apr-2026 02:37:00 PM
2501,Amir Chand Jagdish Kumar,2026-04-02,3.5,212.0,215.5,2-Apr-2026 02:33:00 PM
2570,Powerica,2026-04-02,7.0,395.0,402.0,2-Apr-2026 02:33:00 PM
2456,Central Mine Planning,2026-03-30,5.0,172.0,177.0,30-Mar-2026 02:32:01 PM
2031,GSP Crop Science,2026-03-24,2.0,320.0,322.0,24-Mar-2026 02:36:01 PM
2039,Innovision,2026-03-23,-92.0,519.0,427.0,23-Mar-2026 02:34:01 PM
2067,Rajputana Stainless,2026-03-19,3.0,122.0,125.0,19-Mar-2026 02:28:01 PM
2794,SEDEMAC Mechatronics,2026-03-11,0.0,1352.0,1352.0,11-Mar-2026 02:30:01 PM
2479,Omnitech Engineering,2026-03-05,0.0,227.0,227.0,5-Mar-2026 02:36:00 PM
2475,PNGS Reva Diamond Jewellery,2026-03-04,-20.0,386.0,366.0,4-Mar-2026 02:34:00 PM
2573,Clean Max Enviro Energy Solutions,2026-03-02,-35.0,1053.0,1018.0,2-Mar-2026 02:30:01 PM
2502,Shree Ram Twistex,2026-03-02,-28.0,104.0,76.0,2-Mar-2026 02:29:01 PM
2019,Gaudium IVF,2026-02-27,0.0,79.0,79.0,27-Feb-2026 02:37:01 PM
2026,Aye Finance,2026-02-16,-2.0,129.0,127.0,16-Feb-2026 02:34:01 PM
2569,Fractal Analytics,2026-02-16,-28.0,900.0,872.0,16-Feb-2026 02:33:01 PM
2526,Shadowfax Technologies,2026-01-28,-3.5,124.0,120.5,28-Jan-2026 02:37:01 PM
2549,Amagi Media Labs,2026-01-21,-1.0,361.0,360.0,21-Jan-2026 02:29:01 PM
2462,Bharat Coking Coal,2026-01-19,18.5,23.0,41.5,19-Jan-2026 03:28:03 PM
2289,Gujarat Kidney,2025-12-30,1.5,114.0,115.5,30-Dec-2025 03:36:01 PM
2454,KSH International,2025-12-23,-2.0,384.0,382.0,23-Dec-2025 03:31:04 PM
2525,ICICI Prudential AMC,2025-12-19,460.0,2165.0,2625.0,19-Dec-2025 03:32:02 PM
2297,Park Medi World,2025-12-17,0.0,162.0,162.0,17-Dec-2025 03:37:02 PM
2548,Nephrocare Health,2025-12-17,40.0,460.0,500.0,17-Dec-2025 03:30:02 PM
2433,Corona Remedies,2025-12-15,342.5,1062.0,1404.5,15-Dec-2025 03:32:02 PM
2488,Wakefit Innovations,2025-12-15,4.0,195.0,199.0,15-Dec-2025 03:34:02 PM
2005,Vidya Wires,2025-12-10,3.5,52.0,55.5,10-Dec-2025 03:35:01 PM
2465,Aequs,2025-12-10,24.0,124.0,148.0,10-Dec-2025 03:36:01 PM
2516,Meesho,2025-12-10,42.0,111.0,153.0,10-Dec-2025 03:33:01 PM
2484,Sudeep Pharma,2025-11-28,121.0,593.0,714.0,28-Nov-2025 03:28:02 PM
2148,Excelsoft Technologies,2025-11-26,4.0,120.0,124.0,26-Nov-2025 03:37:04 PM
2476,Capillary Technologies,2025-11-21,55.0,577.0,632.0,21-Nov-2025 03:28:02 PM
2025,Fujiyama Power Systems,2025-11-20,0.5,228.0,228.5,20-Nov-2025 03:29:02 PM
2509,Tenneco Clean Air,2025-11-19,104.0,397.0,501.0,19-Nov-2025 03:28:03 PM
2518,Emmvee Photovoltaic,2025-11-18,0.0,217.0,217.0,18-Nov-2025 03:36:01 PM
2266,PhysicsWallah,2025-11-18,14.0,109.0,123.0,18-Nov-2025 03:30:01 PM
2487,Pine Labs,2025-11-14,5.5,221.0,226.5,14-Nov-2025 03:37:03 PM
2453,Groww,2025-11-12,5.0,100.0,105.0,12-Nov-2025 03:31:01 PM
2551,Lenskart Solutions,2025-11-10,10.0,402.0,412.0,10-Nov-2025 03:33:56 PM
2259,Studds Accessories,2025-11-07,35.0,585.0,620.0,7-Nov-2025 03:38:03 PM
2470,Orkla India,2025-11-06,66.0,730.0,796.0,6-Nov-2025 03:29:02 PM
2150,Midwest,2025-10-24,100.0,1065.0,1165.0,24-Oct-2025 03:31:09 PM
2429,Canara HSBC Life,2025-10-17,3.0,106.0,109.0,17-Oct-2025 03:37:02 PM
2254,Rubicon Research,2025-10-16,120.0,485.0,605.0,16-Oct-2025 03:36:40 PM
2428,Canara Robeco,2025-10-16,20.0,266.0,286.0,16-Oct-2025 03:36:40 PM
2064,LG Electronics,2025-10-14,460.0,1140.0,1600.0,14-Oct-2025 03:36:03 PM
2317,Tata Capital,2025-10-13,0.0,326.0,326.0,13-Oct-2025 02:53:02 PM
2014,WeWork India,2025-10-10,0.0,648.0,648.0,10-Oct-2025 03:35:02 PM
2407,Om Freight Forwarders,2025-10-08,-3.0,135.0,132.0,8-Oct-2025 03:28:01 PM
2290,Advance Agrolife,2025-10-08,13.0,100.0,113.0,8-Oct-2025 03:36:01 PM
2624,Fabtech Technologies,2025-10-07,0.0,191.0,191.0,7-Oct-2025 03:36:02 PM
1998,Glottis,2025-10-07,0.0,129.0,129.0,7-Oct-2025 03:30:02 PM
2306,Pace Digitek,2025-10-06,12.0,219.0,231.0,6-Oct-2025 03:30:01 PM
2432,Jinkushal Industries,2025-10-03,20.0,121.0,141.0,3-Oct-2025 03:30:01 PM
2231,TruAlt Bioenergy,2025-10-03,85.0,496.0,581.0,3-Oct-2025 03:29:01 PM
2023,Epack Prefab Technologies,2025-10-01,0.0,204.0,204.0,1-Oct-2025 03:37:01 PM
2345,Jain Resource Recycling,2025-10-01,13.0,232.0,245.0,1-Oct-2025 03:28:01 PM
2212,BMW Ventures,2025-10-01,0.0,99.0,99.0,1-Oct-2025 03:36:01 PM
2028,Anand Rathi Share,2025-09-30,29.0,414.0,443.0,30-Sep-2025 03:35:01 PM
2075,Jaro Institute,2025-09-30,43.0,890.0,933.0,30-Sep-2025 03:36:01 PM
2174,Solarworld Energy Solutions,2025-09-30,40.0,351.0,391.0,30-Sep-2025 03:33:01 PM
2048,Seshaasai Technologies,2025-09-30,40.0,423.0,463.0,30-Sep-2025 03:32:01 PM
2045,Ganesh Consumer Products,2025-09-29,-9.0,322.0,313.0,29-Sep-2025 03:34:01 PM
2011,Atlanta Electricals,2025-09-29,114.0,754.0,868.0,29-Sep-2025 03:29:01 PM
2082,Saatvik Green Energy,2025-09-26,10.0,465.0,475.0,26-Sep-2025 03:41:00 PM
2042,GK Energy,2025-09-26,18.0,153.0,171.0,26-Sep-2025 03:40:00 PM
2227,Ivalue Infosolutions,2025-09-25,0.0,299.0,299.0,25-Sep-2025 03:29:02 PM
2161,VMS TMT,2025-09-24,11.0,99.0,110.0,24-Sep-2025 03:33:02 PM
2015,Euro Pratik Sales,2025-09-23,10.0,247.0,257.0,23-Sep-2025 03:31:01 PM
2003,Shringar House of Mangalsutra,2025-09-17,21.0,165.0,186.0,17-Sep-2025 03:37:03 PM
2425,Urban Co.,2025-09-17,54.0,103.0,157.0,17-Sep-2025 03:37:03 PM
2117,Dev Accelerator,2025-09-17,6.0,61.0,67.0,17-Sep-2025 03:29:03 PM
2001,Amanta Healthcare,2025-09-09,9.0,126.0,135.0,9-Sep-2025 03:34:01 PM
2126,Vikran Engineering,2025-09-03,7.0,97.0,104.0,3-Sep-2025 03:37:01 PM
2053,Anlon Healthcare,2025-09-03,1.0,91.0,92.0,3-Sep-2025 03:31:01 PM
2069,Mangal Electrical,2025-08-28,-3.0,561.0,558.0,28-Aug-2025 03:29:01 PM
2018,Shreeji Shipping Global,2025-08-26,34.0,252.0,286.0,26-Aug-2025 03:34:01 PM
2318,Patel Retail,2025-08-26,52.0,255.0,307.0,26-Aug-2025 03:30:01 PM
2032,Gem Aromatics,2025-08-26,33.0,325.0,358.0,26-Aug-2025 03:30:01 PM
2152,Vikram Solar,2025-08-26,35.0,332.0,367.0,26-Aug-2025 03:29:01 PM
2035,Regaal Resources,2025-08-20,31.0,102.0,133.0,20-Aug-2025 03:29:01 PM
2059,BlueStone Jewellery,2025-08-19,2.0,517.0,519.0,19-Aug-2025 03:29:01 PM
2230,JSW Cement,2025-08-14,4.8,147.0,151.8,14-Aug-2025 03:28:01 PM
2125,All Time Plastics,2025-08-14,20.0,275.0,295.0,14-Aug-2025 03:31:01 PM
2180,Highway Infrastructure,2025-08-12,24.0,70.0,94.0,12-Aug-2025 03:35:02 PM
2448,NSDL,2025-08-06,125.0,800.0,925.0,6-Aug-2025 03:35:02 PM
2027,Sri Lotus Developers,2025-08-06,27.0,150.0,177.0,6-Aug-2025 03:29:02 PM
2049,M&B Engineering,2025-08-06,55.0,385.0,440.0,6-Aug-2025 03:36:02 PM
2030,Laxmi India Finance,2025-08-05,0.0,158.0,158.0,5-Aug-2025 03:37:02 PM
2036,Aditya Infotech,2025-08-05,305.0,675.0,980.0,5-Aug-2025 03:31:02 PM
2008,Shanti Gold International,2025-08-01,34.0,199.0,233.0,1-Aug-2025 03:32:02 PM
2094,Brigade Hotel Ventures,2025-07-31,0.0,90.0,90.0,31-Jul-2025 11:55:00 AM
2046,GNG Electronics,2025-07-30,85.0,237.0,322.0,30-Jul-2025 03:33:02 PM
2038,Indiqube Spaces,2025-07-30,0.0,237.0,237.0,30-Jul-2025 03:31:02 PM
2029,Anthem Biosciences,2025-07-21,179.0,570.0,749.0,21-Jul-2025 04:00:06 PM
2034,Smartworks Coworking,2025-07-17,25.0,407.0,432.0,17-Jul-2025 03:28:06 PM
2054,Travel Food Services,2025-07-14,25.0,1100.0,1125.0,14-Jul-2025 03:32:05 PM
2096,Crizac,2025-07-09,41.5,245.0,286.5,9-Jul-2025 03:37:05 PM
2074,Indogulf Cropsciences,2025-07-03,18.0,111.0,129.0,3-Jul-2025 03:35:03 PM
2110,HDB Financial,2025-07-02,75.0,740.0,815.0,2-Jul-2025 03:36:04 PM
2073,Sambhv Steel Tubes,2025-07-02,14.0,82.0,96.0,2-Jul-2025 03:29:04 PM
2149,Globe Civil Projects,2025-07-01,27.0,71.0,98.0,1-Jul-2025 11:55:00 AM
2189,Ellenbarrie Industrial Gases,2025-07-01,57.0,400.0,457.0,1-Jul-2025 11:55:00 AM
2229,Kalpataru,2025-07-01,1.5,414.0,415.5,1-Jul-2025 03:28:04 PM
1971,Arisinfra Solutions,2025-06-25,0.0,222.0,222.0,25-Jun-2025 11:55:01 AM
2202,Oswal Pumps,2025-06-20,41.0,614.0,655.0,20-Jun-2025 02:57:04 PM
2172,Scoda Tubes,2025-06-04,20.0,140.0,160.0,4-Jun-2025 03:35:04 PM
2016,Prostarm Info Systems,2025-06-03,12.0,105.0,117.0,3-Jun-2025 03:32:03 PM
2080,Aegis Vopak Terminals,2025-06-02,-1.0,235.0,234.0,2-Jun-2025 03:34:05 PM
2083,Belrise Industries,2025-05-28,21.0,90.0,111.0,28-May-2025 04:54:05 PM
2099,Borana Weaves,2025-05-27,43.0,216.0,259.0,27-May-2025 05:00:04 PM
2357,Ather Energy,2025-05-06,12.0,321.0,333.0,6-May-2025 03:31:05 PM
1988,Quality Power,2025-02-24,5.0,425.0,430.0,24-Feb-2025 03:34:18 PM
1985,Hexaware Technologies,2025-02-19,0.0,708.0,708.0,19-Feb-2025 03:36:05 PM
1983,Ajax Engineering,2025-02-17,-3.0,629.0,626.0,17-Feb-2025 03:34:06 PM
1975,Dr. Agarwal's,2025-02-04,-4.0,402.0,398.0,5-Feb-2025 03:34:07 PM
1970,Denta Water,2025-01-29,73.0,294.0,367.0,29-Jan-2025 02:30:05 PM
1967,Stallion India,2025-01-23,35.0,90.0,125.0,23-Jan-2025 03:35:06 PM
1961,Laxmi Dental,2025-01-20,145.0,428.0,573.0,20-Jan-2025 03:08:02 AM
1954,Quadrant Future Tek,2025-01-14,120.0,290.0,410.0,14-Jan-2025 09:32:51 AM
1951,Standard Glass Lining,2025-01-13,50.0,140.0,190.0,13-Jan-2025 09:30:51 AM
1934,Indo Farm Equipment,2025-01-07,76.0,215.0,291.0,7-Jan-2025 09:27:51 AM
1942,Unimech Aerospace,2024-12-31,625.0,785.0,1410.0,31-Dec-2024 09:31:01 AM
1945,Carraro India,2024-12-30,0.0,704.0,704.0,30-Dec-2024 09:25:51 AM
1939,Ventive Hospitality,2024-12-30,80.0,643.0,723.0,30-Dec-2024 09:24:51 AM
1943,Senores Pharmaceuticals,2024-12-30,284.0,391.0,675.0,30-Dec-2024 09:25:51 AM
1937,Mamata Machinery,2024-12-27,260.0,243.0,503.0,27-Dec-2024 09:26:51 AM
1940,Sanathan Textiles,2024-12-27,87.0,321.0,408.0,27-Dec-2024 09:26:51 AM
1936,DAM Capital Advisors,2024-12-27,143.0,283.0,426.0,27-Dec-2024 09:27:51 AM
1933,Transrail Lighting,2024-12-27,165.0,432.0,597.0,27-Dec-2024 09:27:51 AM
1941,Concord Enviro Systems,2024-12-27,138.0,701.0,839.0,27-Dec-2024 09:30:51 AM
1930,International Gemmological Institute,2024-12-20,159.0,417.0,576.0,20-Dec-2024 09:24:52 AM
1926,Inventurus Knowledge Solutions,2024-12-19,421.0,1329.0,1750.0,19-Dec-2024 09:56:50 AM
1924,Vishal Mega Mart,2024-12-18,22.0,78.0,100.0,18-Dec-2024 09:26:52 AM
1928,Mobikwik,2024-12-18,160.0,279.0,439.0,18-Dec-2024 09:30:52 AM
1925,Sai Life Sciences,2024-12-18,72.0,549.0,621.0,18-Dec-2024 09:25:52 AM
1918,Suraksha Clinic and Diagnostic,2024-12-06,13.0,441.0,454.0,6-Dec-2024 09:29:42 AM
1911,Enviro Infra Engineers,2024-11-29,57.0,148.0,205.0,29-Nov-2024 09:30:42 AM
1902,NTPC Green Energy,2024-11-27,1.0,108.0,109.0,27-Nov-2024 09:31:42 AM
1904,BlackBuck-Zinka Logistics,2024-11-22,0.0,273.0,273.0,22-Nov-2024 09:24:42 AM
1899,Niva Bupa Health Insurance,2024-11-14,1.0,74.0,75.0,14-Nov-2024 09:29:42 AM
1897,ACME Solar Holdings,2024-11-13,-4.0,289.0,285.0,13-Nov-2024 09:26:42 AM
1896,Swiggy,2024-11-13,0.0,390.0,390.0,13-Nov-2024 09:27:42 AM
1898,Sagility India,2024-11-12,0.3,30.0,30.3,12-Nov-2024 09:26:42 AM
1881,Afcons Infrastructure,2024-11-04,15.0,463.0,478.0,4-Nov-2024 09:27:42 AM
1895,Godavari Biorefineries,2024-10-30,5.0,352.0,357.0,30-Oct-2024 10:30:42 AM
1890,Deepak Builders Engineers,2024-10-28,32.0,203.0,235.0,28-Oct-2024 10:27:42 AM
1888,Waaree Energies,2024-10-28,1295.0,1503.0,2798.0,28-Oct-2024 10:31:42 AM
1879,Hyundai Motor,2024-10-22,62.0,1960.0,2022.0,22-Oct-2024 10:28:43 AM
1883,Garuda Construction and Engineering,2024-10-15,0.0,95.0,95.0,15-Oct-2024 10:30:43 AM
1874,Diffusion Engineers,2024-10-04,58.0,168.0,226.0,4-Oct-2024 10:25:42 AM
1864,KRN Heat Exchanger,2024-10-03,235.0,220.0,455.0,3-Oct-2024 10:30:42 AM
1866,Manba Finance,2024-09-30,33.0,120.0,153.0,30-Sep-2024 10:24:43 AM
1849,Arkade Developers,2024-09-24,63.0,128.0,191.0,24-Sep-2024 10:28:43 AM
1855,Northern Arc Capital,2024-09-24,131.0,263.0,394.0,24-Sep-2024 10:31:43 AM
1844,Western Carriers (India),2024-09-24,16.0,172.0,188.0,24-Sep-2024 10:26:43 AM
1841,P N Gadgil Jewellers,2024-09-17,303.5,480.0,783.5,17-Sep-2024 10:30:43 AM
1837,Tolins Tyres,2024-09-16,30.0,226.0,256.0,16-Sep-2024 10:27:42 AM
1839,Kross,2024-09-16,24.5,240.0,264.5,16-Sep-2024 10:27:42 AM
1822,Bajaj Housing Finance,2024-09-16,72.0,70.0,142.0,16-Sep-2024 10:28:42 AM
1835,Shree Tirupati Balajee,2024-09-12,27.0,83.0,110.0,12-Sep-2024 10:29:42 AM
1829,Gala Precision Engineering,2024-09-09,245.0,529.0,774.0,9-Sep-2024 10:26:42 AM
1825,Baazar Style Retail,2024-09-06,33.0,389.0,422.0,6-Sep-2024 10:26:42 AM
1820,ECOS India Mobility,2024-09-04,126.0,334.0,460.0,4-Sep-2024 10:27:41 AM
1818,Premier Energies,2024-09-03,487.0,450.0,937.0,3-Sep-2024 10:26:42 AM
1809,Orient Technologies,2024-08-28,95.0,206.0,301.0,28-Aug-2024 10:31:43 AM
1811,Interarch Building Products,2024-08-26,336.0,900.0,1236.0,26-Aug-2024 10:26:41 AM
1542,Saraswati Saree Depot,2024-08-20,40.0,160.0,200.0,20-Aug-2024 10:26:42 AM
1802,Unicommerce eSolutions,2024-08-13,69.0,108.0,177.0,13-Aug-2024 10:31:42 AM
1765,OLA Electric,2024-08-09,-3.0,76.0,73.0,9-Aug-2024 10:25:42 AM
1798,Ceigall India,2024-08-08,17.5,401.0,418.5,8-Aug-2024 11:26:43 AM
1794,Akums Drugs and Pharmaceuticals,2024-08-06,43.0,679.0,722.0,6-Aug-2024 10:23:41 AM
1779,Sanstar,2024-07-26,25.0,95.0,120.0,26-Jul-2024 10:27:41 AM
1766,Emcure Pharma,2024-07-10,300.0,1008.0,1308.0,10-Jul-2024 10:23:43 AM
1767,Bansal Wire,2024-07-10,70.0,256.0,326.0,10-Jul-2024 10:24:43 AM
1758,Vraj Iron and Steel,2024-07-03,50.0,207.0,257.0,3-Jul-2024 10:27:42 AM
1580,Allied Blenders and Distillers,2024-07-02,59.0,281.0,340.0,2-Jul-2024 10:31:42 AM
1749,Stanley lifestyles,2024-06-28,173.0,369.0,542.0,28-Jun-2024 10:23:42 AM
1746,DEE Development Engineers,2024-06-26,90.0,203.0,293.0,26-Jun-2024 10:30:42 AM
1738,Kronox Lab Sciences,2024-06-10,28.0,136.0,164.0,10-Jun-2024 10:25:41 AM
1730,Awfis Space Solutions,2024-05-30,84.0,383.0,467.0,30-May-2024 10:25:42 AM
1727,Go Digit General Insurance,2024-05-23,4.0,272.0,276.0,23-May-2024 10:25:41 AM
1717,Aadhar Housing Finance,2024-05-15,43.0,315.0,358.0,15-May-2024 10:25:41 AM
1716,TBO Tek,2024-05-15,300.0,920.0,1220.0,15-May-2024 10:27:41 AM
1713,Indegene,2024-05-13,275.0,452.0,727.0,13-May-2024 10:32:41 AM
1704,JNK India,2024-04-30,135.0,415.0,550.0,30-Apr-2024 10:23:41 AM
1694,Bharti Hexacom,2024-04-12,140.0,570.0,710.0,12-Apr-2024 10:29:41 AM
1682,SRM Contractors,2024-04-03,70.0,210.0,280.0,3-Apr-2024 10:30:40 AM
1665,Krystal Integrated Services,2024-03-21,60.0,715.0,775.0,21-Mar-2024 10:30:11 AM
1672,Popular Vehicles Services,2024-03-19,0.0,295.0,295.0,19-Mar-2024 10:32:06 AM
1667,Gopal Snacks,2024-03-14,-25.0,401.0,376.0,14-Mar-2024 10:32:05 AM
1663,JG Chemicals,2024-03-13,5.0,221.0,226.0,13-Mar-2024 10:33:07 AM
1620,R K SWAMY,2024-03-12,0.0,288.0,288.0,12-Mar-2024 10:32:42 AM
1586,Mukka Proteins,2024-03-07,35.0,28.0,63.0,7-Mar-2024 09:28:07 AM
1642,Exicom Tele-Systems,2024-03-05,160.0,142.0,302.0,5-Mar-2024 08:58:40 AM
1638,Platinum Industries,2024-03-05,87.0,171.0,258.0,5-Mar-2024 09:03:40 AM
1655,GPT Healthcare,2024-02-29,17.0,186.0,203.0,29-Feb-2024 09:29:06 AM
1654,Juniper Hotels,2024-02-28,0.0,360.0,360.0,28-Feb-2024 09:30:00 AM
1646,Vibhor Steel Tubes,2024-02-20,140.0,151.0,291.0,20-Feb-2024 09:31:02 AM
1643,Entero Healthcare Solutions,2024-02-16,2.0,1258.0,1260.0,16-Feb-2024 09:25:59 AM
1640,Jana Small Finance Bank,2024-02-14,16.0,414.0,430.0,14-Feb-2024 09:24:03 AM
1641,Capital Small Finance Bank,2024-02-14,0.0,468.0,468.0,14-Feb-2024 09:25:03 AM
1634,Rashi Peripherals,2024-02-14,34.0,311.0,345.0,14-Feb-2024 09:32:03 AM
1635,Apeejay Surrendra Park,2024-02-12,38.0,155.0,193.0,12-Feb-2024 09:29:00 AM
1632,BLS E-Services,2024-02-06,155.0,135.0,290.0,6-Feb-2024 09:27:06 AM
1616,Nova Agri Tech,2024-01-31,13.0,41.0,54.0,31-Jan-2024 09:27:00 AM
1619,EPACK Durable,2024-01-30,5.0,230.0,235.0,30-Jan-2024 09:34:39 AM
1612,Medi Assist Healthcare,2024-01-23,34.0,418.0,452.0,23-Jan-2024 09:24:55 AM
1611,Jyoti CNC Automation,2024-01-16,38.0,331.0,369.0,16-Jan-2024 09:26:51 AM
1599,Innova Captab,2023-12-29,32.0,448.0,480.0,29-Dec-2023 09:30:49 AM
1597,Azad Engineering,2023-12-28,195.0,524.0,719.0,28-Dec-2023 09:32:49 AM
1588,RBZ Jewellers,2023-12-27,0.0,100.0,100.0,27-Dec-2023 06:03:11 AM
1585,Happy Forgings,2023-12-27,235.0,850.0,1085.0,27-Dec-2023 06:03:11 AM
1589,Suraj Estate Developers,2023-12-26,15.0,360.0,375.0,26-Dec-2023 09:27:53 AM
1587,Motisons Jewellers,2023-12-26,70.0,55.0,125.0,26-Dec-2023 09:26:53 AM
1582,Muthoot Microfin,2023-12-26,27.0,291.0,318.0,26-Dec-2023 09:27:53 AM
1593,Inox India,2023-12-21,440.0,660.0,1100.0,21-Dec-2023 09:32:52 AM
1477,India Shelter Finance Corporation,2023-12-20,157.0,493.0,650.0,20-Dec-2023 09:30:52 AM
1581,DOMS,2023-12-20,510.0,790.0,1300.0,20-Dec-2023 09:31:52 AM
1571,Flair Writing,2023-12-01,150.0,304.0,454.0,1-Dec-2023 09:29:44 AM
1568,Fedbank Financial Services,2023-11-30,0.0,140.0,140.0,30-Nov-2023 09:30:46 AM
1418,Tata Technologies,2023-11-30,475.0,500.0,975.0,30-Nov-2023 09:27:46 AM
1567,Gandhar Oil Refinery,2023-11-30,73.0,169.0,242.0,30-Nov-2023 09:24:46 AM
1569,IREDA,2023-11-29,12.0,32.0,44.0,29-Nov-2023 09:27:46 AM
1563,ASK Automotive,2023-11-15,28.0,282.0,310.0,15-Nov-2023 09:27:44 AM
1545,Protean eGov Technologies,2023-11-13,48.0,792.0,840.0,13-Nov-2023 09:26:44 AM
1553,ESAF Small Finance Bank,2023-11-10,16.0,60.0,76.0,10-Nov-2023 09:25:44 AM
1551,Honasa Consumer Limited,2023-11-07,24.0,324.0,348.0,7-Nov-2023 09:28:44 AM
1552,Cello World Limited,2023-11-06,160.0,648.0,808.0,6-Nov-2023 09:29:44 AM
1547,Blue Jet Healthcare,2023-11-01,22.0,346.0,368.0,1-Nov-2023 10:23:44 AM
1543,IRM Energy,2023-10-26,18.0,505.0,523.0,26-Oct-2023 10:31:43 AM
1539,Plaza Wires,2023-10-12,23.0,54.0,77.0,12-Oct-2023 10:28:42 AM
1525,Valiant Laboratories,2023-10-06,20.0,140.0,160.0,6-Oct-2023 10:32:43 AM
1528,Updater Services,2023-10-04,0.0,300.0,300.0,4-Oct-2023 10:55:42 AM
1513,Manoj Vaibhav Gems,2023-10-03,0.0,215.0,215.0,3-Oct-2023 10:26:43 AM
1512,JSW Infrastructure,2023-10-03,30.0,119.0,149.0,3-Oct-2023 10:27:43 AM
1507,Yatra Online,2023-09-28,0.0,142.0,142.0,28-Sep-2023 10:31:41 AM
1382,Signatureglobal India,2023-09-27,50.0,385.0,435.0,27-Sep-2023 10:24:48 AM
1508,Sai Silks Kalamandir,2023-09-27,7.0,222.0,229.0,27-Sep-2023 10:30:48 AM
1505,Zaggle Prepaid Ocean Services,2023-09-22,11.0,164.0,175.0,22-Sep-2023 10:28:49 AM
1502,SAMHI Hotels,2023-09-22,8.0,126.0,134.0,22-Sep-2023 10:31:49 AM
1496,EMS,2023-09-21,88.0,211.0,299.0,21-Sep-2023 10:23:43 AM
1503,R R Kabel,2023-09-20,104.0,1035.0,1139.0,20-Sep-2023 10:31:49 AM
1494,Jupiter Life Line Hospitals,2023-09-18,233.0,735.0,968.0,18-Sep-2023 10:28:48 AM
1490,Rishabh Instruments,2023-09-11,61.0,441.0,502.0,11-Sep-2023 10:28:48 AM
1488,Ratnaveer Precision Engineering,2023-09-11,52.0,98.0,150.0,11-Sep-2023 10:31:48 AM
1485,Vishnu Prakash R Punglia,2023-09-05,62.0,99.0,161.0,5-Sep-2023 10:28:47 AM
1482,Aeroflex Industries,2023-08-31,71.0,108.0,179.0,31-Aug-2023 10:30:48 AM
1479,Pyramid Technoplast,2023-08-29,22.0,166.0,188.0,29-Aug-2023 10:43:02 AM
1475,TVS Supply Chain Solutions,2023-08-23,3.0,197.0,200.0,23-Aug-2023 10:24:17 AM
1472,Concord Biotech,2023-08-18,122.0,741.0,863.0,18-Aug-2023 10:28:17 AM
1470,SBFC Finance,2023-08-16,26.0,57.0,83.0,16-Aug-2023 09:35:31 AM
1464,Yatharth Hospital,2023-08-07,75.0,300.0,375.0,7-Aug-2023 09:56:17 AM
1459,Netweb Technologies India,2023-07-27,394.0,500.0,894.0,27-Jul-2023 09:52:17 AM
1456,Utkarsh Small Finance Bank,2023-07-21,16.0,25.0,41.0,21-Jul-2023 09:54:17 AM
1452,Senco Gold,2023-07-14,103.0,317.0,420.0,14-Jul-2023 10:31:12 AM
1446,Cyient DLM,2023-07-10,135.0,265.0,400.0,10-Jul-2023 08:07:36 AM
1442,ideaForge Technology,2023-07-07,525.0,672.0,1197.0,7-Jul-2023 10:36:20 AM
1435,HMA Agro Industries,2023-07-04,40.0,585.0,625.0,4-Jul-2023 10:00:08 AM
1430,IKIO Lighting,2023-06-16,90.0,285.0,375.0,16-Jun-2023 10:14:11 AM
1412,Mankind Pharma,2023-05-09,121.0,1080.0,1201.0,9-May-2023 10:18:16 AM
1405,Avalon Technologies,2023-04-18,7.0,436.0,443.0,18-Apr-2023 10:24:13 AM
1398,Udayshivakumar Infra,2023-04-03,10.0,35.0,45.0,3-Apr-2023 10:40:32 AM
1390,Global Surfaces,2023-03-23,18.0,140.0,158.0,23-Mar-2023 10:37:37 AM
1383,Divgi TorqTransfer Systems,2023-03-14,29.0,590.0,619.0,14-Mar-2023 09:49:20 AM
1347,Sah Polymers,2023-01-12,10.0,65.0,75.0,12-Jan-2023 09:45:00 AM
1355,Radiant Cash Management,2023-01-04,6.0,94.0,105.0,4-Jan-2023 08:00:08 AM
1346,Elin Electronics,2022-12-30,4.0,247.0,251.0,30-Dec-2022 09:04:00 AM
1354,KFin Technologies,2022-12-29,-3.0,366.0,363.0,29-Dec-2022 09:42:41 AM
1338,Landmark Cars,2022-12-23,-15.0,506.0,491.0,23-Dec-2022 08:52:55 AM
1350,Abans Holdings,2022-12-23,3.0,270.0,273.0,23-Dec-2022 08:52:37 AM
1345,Sula Vineyards,2022-12-22,-15.0,357.0,342.0,22-Dec-2022 09:15:57 AM
1324,Uniparts India,2022-12-12,41.0,577.0,618.0,12-Dec-2022 08:51:13 AM
1339,Dharmaj Crop Guard,2022-12-08,38.0,237.0,275.0,8-Dec-2022 09:23:30 AM
1336,Keystone Realtors,2022-11-24,-5.0,541.0,536.0,24-Nov-2022 09:04:30 AM
1335,Inox Green Energy,2022-11-23,-1.0,65.0,64.0,23-Nov-2022 02:31:56 PM
1321,Kaynes Technology India,2022-11-22,185.0,587.0,772.0,22-Nov-2022 07:24:14 AM
1334,Archean Chemical,2022-11-21,127.0,407.0,534.0,21-Nov-2022 08:53:25 AM
1327,Five Star Business Finance,2022-11-21,-2.0,474.0,472.0,21-Nov-2022 07:52:26 AM
1332,Bikaji Foods International,2022-11-16,21.0,300.0,321.0,16-Nov-2022 07:51:31 AM
1330,Global Health,2022-11-16,30.0,336.0,366.0,16-Nov-2022 09:06:20 AM
1331,Fusion Micro Finance,2022-11-15,-4.0,368.0,364.0,15-Nov-2022 09:05:18 AM
1316,DCX Systems,2022-11-11,75.0,207.0,282.0,11-Nov-2022 08:55:18 AM
1199,Tracxn Technologies,2022-10-20,-1.0,80.0,79.0,20-Oct-2022 10:02:11 AM
1318,Electronics Mart India,2022-10-17,30.0,59.0,89.0,17-Oct-2022 09:57:17 AM
1283,Harsha Engineers International,2022-09-26,125.0,330.0,455.0,26-Sep-2022 10:10:24 AM
1287,Tamilnad Mercantile Bank,2022-09-15,14.0,510.0,539.0,15-Sep-2022 09:54:23 AM
1281,Dreamfolks Services,2022-09-06,148.0,326.0,474.0,5-Sep-2022 05:10:52 PM
1276,Syrma SGS Technology,2022-08-26,48.0,220.0,268.0,26-Aug-2022 10:20:17 AM
1257,Aether Industries,2022-06-03,55.0,642.0,697.0,3-Jun-2022 08:21:40 AM
1254,eMudhra,2022-06-01,0.0,256.0,256.0,31-May-2022 10:09:23 AM
1247,Ethos Limited,2022-05-30,-5.0,878.0,873.0,30-May-2022 10:14:26 AM
1253,Paradeep Phosphates,2022-05-27,0.0,42.0,42.0,26-May-2022 10:22:28 AM
1248,Venus Pipes and Tubes,2022-05-24,20.0,326.0,346.0,24-May-2022 09:58:19 AM
1213,Delhivery,2022-05-24,-10.0,487.0,477.0,24-May-2022 10:18:38 AM
1252,Prudent Corporate Advisory Services,2022-05-20,18.0,630.0,648.0,20-May-2022 11:28:25 AM
1221,LIC,2022-05-17,-26.0,949.0,923.0,17-May-2022 10:29:59 AM
1250,Rainbow Childrens Medicare,2022-05-10,-10.0,542.0,532.0,10-May-2022 10:11:30 AM
1249,Campus Activewear,2022-05-09,40.0,292.0,332.0,9-May-2022 10:02:44 AM
1240,Hariom Pipe,2022-04-13,25.0,153.0,178.0,10-Apr-2022 02:05:54 PM
1236,Veranda Learning,2022-04-11,15.0,137.0,152.0,10-Apr-2022 02:06:18 PM
1235,Uma Exports,2022-04-07,0.0,68.0,68.0,6-Apr-2022 10:05:56 AM
1217,Vedant Fashions,2022-02-16,-12.0,866.0,854.0,16-Feb-2022 08:40:10 AM
1173,Adani Wilmar,2022-02-08,23.0,230.0,253.0,8-Feb-2022 08:40:19 AM
1203,CMS Info Systems,2021-12-31,-8.0,216.0,208.0,30-Dec-2021 09:34:58 AM
1197,Supriya Lifescience,2021-12-28,130.0,274.0,404.0,28-Dec-2021 08:52:02 AM
1194,HP Adhesives,2021-12-27,80.0,274.0,354.0,27-Dec-2021 08:47:34 AM
1190,Data Patterns,2021-12-24,320.0,585.0,905.0,24-Dec-2021 08:57:08 AM
1195,Medplus Health,2021-12-23,125.0,796.0,921.0,23-Dec-2021 09:06:47 AM
1193,Metro Brands,2021-12-22,-55.0,500.0,445.0,22-Dec-2021 08:01:00 AM
1191,Shriram Properties,2021-12-20,-10.0,118.0,108.0,20-Dec-2021 12:39:15 PM
1189,RateGain,2021-12-17,18.0,425.0,443.0,17-Dec-2021 08:42:02 AM
1186,Anand Rathi,2021-12-14,45.0,550.0,595.0,14-Dec-2021 08:53:20 AM
1185,Tega Industries,2021-12-13,270.0,453.0,723.0,13-Dec-2021 08:36:00 AM
1184,Star Health,2021-12-10,-80.0,900.0,820.0,10-Dec-2021 09:07:29 AM
1181,Go Fashion,2021-11-30,495.0,690.0,1185.0,30-Nov-2021 09:06:35 AM
1179,Tarsons Products,2021-11-26,180.0,662.0,842.0,26-Nov-2021 08:58:39 AM
1178,Latent View Analytics,2021-11-23,265.0,197.0,462.0,23-Nov-2021 09:01:22 AM
1177,Sapphire Foods,2021-11-18,130.0,1180.0,1310.0,18-Nov-2021 09:00:06 AM
1128,Paytm,2021-11-18,-30.0,2150.0,2120.0,18-Nov-2021 08:59:49 AM
1168,SJS Enterprises,2021-11-15,70.0,542.0,612.0,15-Nov-2021 08:59:57 AM
1175,Sigachi Industries,2021-11-15,225.0,163.0,388.0,15-Nov-2021 08:59:46 AM
1166,Fino Payments Bank,2021-11-12,0.0,577.0,,27-Oct-2025 06:03:36 PM
1151,Aditya Birla AMC,2021-10-11,35.0,712.0,747.0,11-Oct-2021 09:49:07 AM
1153,Paras Defence,2021-10-01,220.0,175.0,395.0,1-Oct-2021 10:18:39 AM
1149,Sansera Engineering,2021-09-24,60.0,744.0,804.0,24-Sep-2021 10:16:49 AM
1143,Ami Organics,2021-09-14,155.0,610.0,765.0,14-Sep-2021 10:18:17 AM
1145,Vijaya Diagnostic,2021-09-14,-10.0,531.0,521.0,14-Sep-2021 10:17:57 AM
1141,Chemplast Sanmar,2021-08-24,-15.0,541.0,526.0,24-Aug-2021 10:19:11 AM
1140,Aptus Value Housing Finance,2021-08-24,-12.0,353.0,341.0,24-Aug-2021 10:19:33 AM
1133,Nuvoco Vistas Corporation,2021-08-23,-12.0,570.0,558.0,23-Aug-2021 08:40:42 PM
1137,CarTrade Tech,2021-08-20,140.0,1618.0,1758.0,20-Aug-2021 10:12:37 AM
1134,Exxaro Tiles,2021-08-16,5.0,120.0,125.0,16-Aug-2021 08:46:55 AM
1135,Windlas Biotech,2021-08-16,80.0,460.0,540.0,16-Aug-2021 08:49:04 AM
1138,Krsnaa Diagnostics,2021-08-16,222.0,954.0,1176.0,16-Aug-2021 08:49:29 AM
1136,Devyani International,2021-08-16,59.0,90.0,149.0,16-Aug-2021 08:51:03 AM
1129,Rolex Rings,2021-08-09,455.0,900.0,1355.0,8-Aug-2021 10:57:26 AM
1124,Glenmark Life Sciences,2021-08-06,82.0,720.0,802.0,6-Aug-2021 10:35:03 AM
1127,Tatva Chintan Pharma,2021-07-29,1110.0,1083.0,2193.0,29-Jul-2021 10:33:55 AM
1126,Zomato,2021-07-23,22.0,76.0,98.0,23-Jul-2021 10:07:05 AM
1122,G R Infraprojects,2021-07-19,575.0,837.0,1412.0,19-Jul-2021 10:06:33 AM
1123,Clean Science and Technology,2021-07-19,615.0,900.0,1515.0,19-Jul-2021 10:06:01 AM
1119,India Pesticides,2021-07-05,35.0,296.0,331.0,4-Jul-2021 01:00:19 PM
1114,Dodla Dairy,2021-06-28,80.0,428.0,508.0,26-Jun-2021 12:54:36 PM
1115,KIMS,2021-06-28,75.0,825.0,900.0,26-Jun-2021 12:54:50 PM
1109,Shyam Metalics and Energy,2021-06-24,130.0,306.0,436.0,24-Jun-2021 10:13:46 AM
1112,Sona Comstar,2021-06-24,3.0,291.0,294.0,23-Jun-2021 10:26:13 AM
1107,Lodha Developers,2021-04-19,0.0,486.0,,27-Oct-2025 06:03:36 PM
1102,Barbeque Nation,2021-04-07,0.0,500.0,,27-Oct-2025 06:03:36 PM
1092,Nazara Technologies,2021-03-30,740.0,1101.0,1841.0,25-Mar-2021 10:49:27 AM
1098,Kalyan Jewellers,2021-03-26,-5.0,87.0,82.0,25-Mar-2021 10:51:33 AM
1099,Suryoday Small Finance Bank,2021-03-26,-10.0,305.0,295.0,25-Mar-2021 10:49:49 AM
1096,Laxmi Organic,2021-03-25,40.0,130.0,170.0,25-Mar-2021 10:47:53 AM
1095,Craftsman Automation,2021-03-25,30.0,1490.0,1520.0,25-Mar-2021 10:47:39 AM
1097,Anupam Rasayan,2021-03-24,60.0,555.0,615.0,24-Mar-2021 10:14:31 AM
1088,MTAR Technologies,2021-03-15,580.0,575.0,1155.0,13-Mar-2021 11:55:17 AM
1085,Heranba Industries Limited,2021-03-05,270.0,627.0,897.0,4-Mar-2021 09:23:46 AM
1073,RailTel,2021-02-26,10.0,94.0,104.0,24-Feb-2021 09:29:57 PM
1084,Nureca Limited,2021-02-25,70.0,400.0,470.0,25-Feb-2021 09:29:50 AM
1081,Stove Kraft,2021-02-05,35.0,385.0,420.0,4-Feb-2021 02:26:38 PM
1079,Indigo Paints,2021-02-02,750.0,1490.0,2240.0,30-Jan-2021 10:13:18 AM
1076,IRFC,2021-01-29,0.0,26.0,26.0,29-Jan-2021 09:29:51 AM
1078,Antony Waste Ltd,2021-01-01,175.0,315.0,490.0,26-Dec-2020 10:29:21 AM
1077,Mrs. Bectors Food,2020-12-24,215.0,288.0,503.0,23-Dec-2020 07:38:04 PM
1075,Burger King,2020-12-14,43.0,60.0,103.0,9-Dec-2020 09:25:21 AM
1072,Gland Pharma,2020-11-20,118.0,1500.0,1618.0,18-Nov-2020 02:54:54 PM
1040,Equitas SFB,2020-11-02,1.0,33.0,34.0,22-Oct-2020 10:39:53 AM
1062,Likhitha Infrastructure,2020-10-15,6.0,120.0,126.0,13-Oct-2020 01:40:43 PM
1052,UTI AMC,2020-10-12,-14.0,554.0,540.0,12-Oct-2020 10:06:54 AM
1064,Mazagon Dock,2020-10-12,105.0,145.0,250.0,12-Oct-2020 10:07:13 AM
1057,Angel Broking,2020-10-05,-5.0,306.0,301.0,30-Sep-2020 11:56:47 PM
1055,CAMS,2020-10-01,328.0,1230.0,1558.0,30-Sep-2020 11:57:15 PM
1060,Chemcon,2020-10-01,310.0,340.0,650.0,30-Sep-2020 11:57:09 PM
1058,Route Mobile,2020-09-21,310.0,350.0,660.0,20-Sep-2020 10:39:43 AM
1056,Happiest Minds,2020-09-17,0.0,166.0,,27-Oct-2025 06:03:36 PM
1049,Rossari Biotech,2020-07-23,0.0,425.0,,27-Oct-2025 06:03:36 PM
1025,SBI Cards,2020-03-16,0.0,755.0,,27-Oct-2025 06:03:36 PM
1027,Prince Pipes,2019-12-30,0.0,178.0,,27-Oct-2025 06:03:36 PM
1023,Ujjivan Bank,2019-12-12,0.0,37.0,,27-Oct-2025 06:03:36 PM
1021,CSB Bank,2019-12-04,0.0,195.0,,27-Oct-2025 06:03:36 PM
1018,IRCTC,2019-10-14,0.0,320.0,,27-Oct-2025 06:03:36 PM
