cg_ipo_id,ltp,exchange,as_of
1,10512.0,NSE,2026-10-07
10,1799.3,NSE,2026-10-07
100,107.01,NSE,2026-10-07
1005,1436.0,NSE,2026-10-07
1006,218.19,NSE,2026-10-07
1007,168.11,NSE,2026-10-07
101,57.71,NSE,2026-10-07
1016,5.51,NSE,2026-10-07
1018,453.65,NSE,2026-10-07
1021,306.5,NSE,2026-10-07
1023,64.94,NSE,2026-10-07
1025,557.4,NSE,2026-10-07
1027,256.65,NSE,2026-10-07
104,30.44,NSE,2026-10-07
1040,68.92,NSE,2026-10-07
1049,422.9,NSE,2026-10-07
105,266.35,NSE,2026-10-07
1052,892.3,NSE,2026-10-07
1055,694.6,NSE,2026-10-07
1056,304.6,NSE,2026-10-07
1057,302.0,NSE,2026-10-07
1058,426.5,NSE,2026-10-07
1060,220.59,NSE,2026-10-07
1062,234.14,NSE,2026-10-07
1064,2064.4,NSE,2026-10-07
1072,3150.6,NSE,2026-10-07
1073,254.65,NSE,2026-10-07
1075,96.08,NSE,2026-10-07
1076,76.15,NSE,2026-10-07
1077,211.07,NSE,2026-10-07
1078,348.7,NSE,2026-10-07
1079,1060.2,NSE,2026-10-07
108,47.19,NSE,2026-10-07
1080,1087.9,NSE,2026-10-07
1081,817.35,NSE,2026-10-07
1084,333.9,NSE,2026-10-07
1085,169.27,NSE,2026-10-07
1088,7864.5,NSE,2026-10-07
1089,5.86,NSE,2026-10-07
109,23.84,NSE,2026-10-05
1092,378.45,NSE,2026-10-07
1095,10198.0,NSE,2026-10-07
1096,190.35,NSE,2026-10-07
1097,1165.1,NSE,2026-10-07
1098,569.0,NSE,2026-10-07
1099,155.54,NSE,2026-10-07
11,21.05,NSE,2026-10-07
110,209.68,NSE,2026-10-07
1102,694.0,BSE,2026-10-07
1107,1109.4,NSE,2026-10-07
1109,1067.3,NSE,2026-10-07
111,12.12,NSE,2026-10-07
1112,810.5,NSE,2026-10-07
1114,1013.3,NSE,2026-10-07
1115,693.95,NSE,2026-10-07
1119,130.39,NSE,2026-10-07
112,1101.3,NSE,2026-10-07
1122,798.4,NSE,2026-10-07
1123,813.7,NSE,2026-10-07
1124,1370.2,NSE,2026-10-07
1126,328.0,NSE,2026-10-07
1127,1991.2,NSE,2026-10-07
1128,1732.0,NSE,2026-10-07
1129,183.67,NSE,2026-10-07
1133,324.75,NSE,2026-10-07
1134,6.13,NSE,2026-10-07
1135,1022.0,NSE,2026-10-07
1136,128.98,NSE,2026-10-07
1137,2914.7,NSE,2026-10-07
1138,548.1,NSE,2026-10-07
114,1067.9,NSE,2026-10-07
1140,219.46,NSE,2026-10-07
1141,228.22,NSE,2026-10-07
1143,3174.2,NSE,2026-10-07
1145,1462.4,NSE,2026-10-07
1149,4261.7,NSE,2026-10-07
115,8.58,NSE,2026-10-07
1151,1015.5,NSE,2026-10-07
1153,1286.1,NSE,2026-10-07
116,18.18,NSE,2026-10-07
1166,128.76,NSE,2026-10-07
1168,1982.6,NSE,2026-10-07
1170,341.25,NSE,2026-10-07
1172,1040.0,NSE,2026-10-07
1173,187.11,NSE,2026-10-07
1175,29.36,NSE,2026-10-07
1177,215.03,NSE,2026-10-07
1178,230.08,NSE,2026-10-07
1179,341.7,NSE,2026-10-07
118,253.05,NSE,2026-10-07
1181,306.15,NSE,2026-10-07
1184,553.85,NSE,2026-10-07
1185,2123.6,NSE,2026-10-07
1186,2127.2,NSE,2026-10-07
1187,896.0,NSE,2026-10-07
1189,854.55,NSE,2026-10-07
1190,4233.4,NSE,2026-10-07
1191,68.05,NSE,2026-10-07
1193,825.1,NSE,2026-10-07
1194,34.62,NSE,2026-10-07
1195,647.3,NSE,2026-10-07
1197,889.25,NSE,2026-10-07
1198,1359.0,NSE,2026-10-07
1199,33.89,NSE,2026-10-07
120,710.75,NSE,2026-10-07
1203,218.37,NSE,2026-10-07
1209,2.41,NSE,2026-10-07
1213,398.15,NSE,2026-10-07
1217,500.2,NSE,2026-10-07
1221,386.3,NSE,2026-10-07
123,12.99,NSE,2026-10-07
1235,20.07,NSE,2026-10-07
1236,31.2,NSE,2026-10-07
1240,338.15,NSE,2026-10-07
1247,2634.8,NSE,2026-10-07
1248,2238.5,NSE,2026-10-07
1249,208.37,NSE,2026-10-07
125,54.67,NSE,2026-10-07
1250,1270.7,NSE,2026-10-07
1252,3223.3,NSE,2026-10-07
1253,155.38,NSE,2026-10-07
1254,605.5,NSE,2026-10-07
1257,1787.6,NSE,2026-10-07
127,40.6,NSE,2026-10-07
1276,1746.7,NSE,2026-10-07
128,20.32,NSE,2026-10-07
1281,60.13,NSE,2026-10-07
1283,460.4,NSE,2026-10-07
1287,877.35,NSE,2026-10-07
129,15.1,BSE,2026-10-07
13,9.98,NSE,2026-10-07
131,224.92,NSE,2026-10-07
1316,157.88,NSE,2026-10-07
1318,211.54,NSE,2026-10-07
132,1750.1,NSE,2026-10-07
1321,3365.0,NSE,2026-10-07
1324,812.3,NSE,2026-10-07
1327,509.35,NSE,2026-10-07
1330,1294.1,NSE,2026-10-07
1331,168.52,NSE,2026-10-07
1332,483.55,NSE,2026-10-07
1334,476.2,NSE,2026-10-07
1335,135.87,NSE,2026-10-07
1336,379.3,NSE,2026-10-07
1338,480.95,NSE,2026-10-07
1339,267.35,NSE,2026-10-07
1345,133.41,NSE,2026-10-07
1346,77.07,NSE,2026-10-07
1347,71.54,BSE,2026-10-07
1350,201.0,NSE,2026-10-07
1354,858.0,NSE,2026-10-07
1355,34.52,NSE,2026-10-07
136,133.8,NSE,2026-10-07
137,435.9,NSE,2026-10-07
138,168.47,NSE,2026-10-07
1382,712.5,NSE,2026-10-07
1383,1092.9,NSE,2026-10-07
139,191.44,NSE,2026-10-07
1390,28.97,NSE,2026-10-07
1398,18.4,NSE,2026-10-07
140,820.15,NSE,2026-10-07
1405,2429.7,NSE,2026-10-07
141,14.11,NSE,2026-10-07
1412,2500.0,NSE,2026-10-07
1418,697.6,NSE,2026-10-07
142,256.31,NSE,2026-10-07
143,1896.0,NSE,2026-10-07
1430,191.05,NSE,2026-10-07
1435,24.91,NSE,2026-10-07
144,289.15,NSE,2026-10-07
1442,700.0,NSE,2026-10-07
1446,988.3,NSE,2026-10-07
145,554.2,NSE,2026-10-07
1452,320.6,NSE,2026-10-07
1456,13.98,NSE,2026-10-07
1459,4685.4,NSE,2026-10-07
146,494.55,NSE,2026-10-07
1464,1032.7,NSE,2026-10-07
1470,81.1,NSE,2026-10-07
1472,1359.7,NSE,2026-10-07
1475,130.4,NSE,2026-10-07
1477,633.85,NSE,2026-10-07
1479,151.27,NSE,2026-10-07
1482,563.85,NSE,2026-10-07
1485,28.32,NSE,2026-10-07
1488,336.45,NSE,2026-10-07
1490,674.2,NSE,2026-10-07
1494,250.0,NSE,2026-10-07
1496,328.95,NSE,2026-10-07
15,83.74,NSE,2026-10-07
1502,147.25,NSE,2026-10-07
1503,2722.5,NSE,2026-10-07
1505,172.22,NSE,2026-10-07
1507,101.59,NSE,2026-10-07
1508,77.01,NSE,2026-10-07
1512,353.9,NSE,2026-10-07
1513,212.39,NSE,2026-10-07
1525,123.21,NSE,2026-10-07
1528,218.11,NSE,2026-10-07
153,442.2,NSE,2026-10-07
1539,58.2,NSE,2026-10-07
154,316.0,NSE,2026-10-07
1542,66.2,NSE,2026-10-07
1543,263.0,NSE,2026-10-07
1545,669.95,NSE,2026-10-07
1547,541.35,NSE,2026-10-07
155,51.57,NSE,2026-10-07
1551,477.05,NSE,2026-10-07
1552,390.65,NSE,2026-10-07
1553,42.67,NSE,2026-10-07
156,17.44,NSE,2026-10-07
1563,626.55,NSE,2026-10-07
1567,299.2,NSE,2026-10-07
1568,148.56,NSE,2026-10-07
1569,107.33,NSE,2026-10-07
1571,227.97,NSE,2026-10-07
158,115.72,NSE,2026-10-07
1580,694.25,NSE,2026-10-07
1581,2058.9,NSE,2026-10-07
1582,172.91,NSE,2026-10-07
1585,1934.3,NSE,2026-10-07
1586,26.94,NSE,2026-10-07
1587,17.68,NSE,2026-10-07
1588,199.38,NSE,2026-10-07
1589,208.26,NSE,2026-10-07
159,33.64,NSE,2026-10-07
1593,2082.0,NSE,2026-10-07
1595,69.96,NSE,2026-10-07
1597,3048.2,NSE,2026-10-07
1599,1166.2,NSE,2026-10-07
16,125.94,NSE,2026-10-07
161,796.85,NSE,2026-10-07
1611,1071.0,NSE,2026-10-07
1612,300.0,NSE,2026-10-07
1616,22.48,NSE,2026-10-07
1619,171.84,NSE,2026-10-07
162,5.03,NSE,2026-10-07
1620,88.16,NSE,2026-10-07
1632,158.2,NSE,2026-10-07
1634,939.7,NSE,2026-10-07
1635,103.62,NSE,2026-10-07
1638,200.56,NSE,2026-10-07
1640,500.1,NSE,2026-10-07
1641,274.2,NSE,2026-10-07
1642,153.78,NSE,2026-10-07
1643,1713.3,NSE,2026-10-07
1646,106.84,NSE,2026-10-07
165,302.15,NSE,2026-10-07
1654,216.34,NSE,2026-10-07
1655,146.34,NSE,2026-10-07
166,10.22,NSE,2026-10-07
1663,654.95,NSE,2026-10-07
1665,644.45,NSE,2026-10-07
1667,255.4,NSE,2026-10-07
167,298.9,NSE,2026-10-07
1672,95.37,NSE,2026-10-07
1682,421.45,NSE,2026-10-07
1694,1477.9,NSE,2026-10-07
17,201.19,NSE,2026-10-07
170,556.25,NSE,2026-10-07
1704,444.75,NSE,2026-10-07
171,799.75,NSE,2026-10-07
1713,607.1,NSE,2026-10-07
1716,1704.5,NSE,2026-10-07
1717,455.05,NSE,2026-10-07
172,7.79,BSE,2026-10-07
1727,264.75,NSE,2026-10-07
173,38.97,NSE,2026-10-07
1730,250.75,NSE,2026-10-07
1738,210.6,NSE,2026-10-07
1742,158.27,NSE,2026-10-07
1746,624.1,NSE,2026-10-07
1749,135.0,NSE,2026-10-07
175,27.52,NSE,2026-10-07
1751,7.54,NSE,2026-10-07
1758,121.86,NSE,2026-10-07
176,401.85,NSE,2026-10-07
1765,36.32,NSE,2026-10-07
1766,1918.0,NSE,2026-10-07
1767,324.0,NSE,2026-10-07
177,3362.6,NSE,2026-10-07
1779,104.23,NSE,2026-10-07
179,680.55,NSE,2026-10-07
1794,822.55,NSE,2026-10-07
1798,372.8,NSE,2026-10-07
1801,172.2,NSE,2026-10-07
1802,82.61,NSE,2026-10-07
1809,239.8,NSE,2026-10-07
181,102.73,NSE,2026-10-07
1811,1700.9,NSE,2026-10-07
1818,910.0,NSE,2026-10-07
182,114.46,NSE,2026-10-07
1820,108.24,NSE,2026-10-07
1822,84.08,NSE,2026-10-07
1825,379.9,NSE,2026-10-07
1829,1161.4,NSE,2026-10-07
183,83.37,NSE,2026-10-07
1835,23.97,NSE,2026-10-07
1837,90.08,NSE,2026-10-07
1839,263.9,NSE,2026-10-07
1841,597.05,NSE,2026-10-07
1844,92.54,NSE,2026-10-07
1849,119.73,NSE,2026-10-07
185,16.18,BSE,2026-10-07
1855,293.75,NSE,2026-10-07
1864,1484.2,NSE,2026-10-07
1866,141.74,NSE,2026-10-07
1874,452.85,NSE,2026-10-07
1879,1945.0,NSE,2026-10-07
1881,244.38,NSE,2026-10-07
1883,172.55,NSE,2026-10-07
1888,2401.0,NSE,2026-10-07
1890,6.55,NSE,2026-10-07
1895,226.24,NSE,2026-10-07
1896,246.0,NSE,2026-10-07
1897,436.15,NSE,2026-10-07
1898,43.11,NSE,2026-10-07
1899,77.38,NSE,2026-10-07
19,1225.3,NSE,2026-10-07
190,204.56,NSE,2026-10-07
1902,88.51,NSE,2026-10-07
1904,616.4,NSE,2026-10-07
1911,187.41,NSE,2026-10-07
1918,321.7,NSE,2026-10-07
192,88.71,NSE,2026-10-07
1924,100.5,NSE,2026-10-07
1925,1561.8,NSE,2026-10-07
1926,1737.4,NSE,2026-10-07
1928,256.08,NSE,2026-10-07
1930,317.05,NSE,2026-10-07
1933,479.3,NSE,2026-10-07
1934,139.92,NSE,2026-10-07
1936,148.74,NSE,2026-10-07
1937,395.95,NSE,2026-10-07
1939,582.4,NSE,2026-10-07
1940,522.85,NSE,2026-10-07
1941,260.95,NSE,2026-10-07
1942,1854.5,NSE,2026-10-07
1943,1389.6,NSE,2026-10-07
1945,533.85,NSE,2026-10-07
1951,430.2,BSE,2026-10-07
1954,534.4,NSE,2026-10-07
196,195.07,NSE,2026-10-07
1961,197.12,NSE,2026-10-07
1967,227.81,NSE,2026-10-07
197,0.9,BSE,2026-10-07
1970,263.7,NSE,2026-10-07
1971,143.0,BSE,2026-10-07
1975,483.25,NSE,2026-10-07
198,43.2,NSE,2026-10-07
1983,582.75,NSE,2026-10-07
1985,505.5,NSE,2026-10-07
1988,1615.0,NSE,2026-10-07
199,196.94,NSE,2026-10-07
1998,58.71,NSE,2026-10-07
1999,531.95,NSE,2026-10-07
20,2.25,NSE,2026-10-07
200,72.5,NSE,2026-10-07
2000,420.35,NSE,2026-10-07
2001,207.08,NSE,2026-10-07
2002,448.9,NSE,2026-10-07
2003,221.03,NSE,2026-10-07
2005,100.62,NSE,2026-10-07
2008,341.05,NSE,2026-10-07
201,453.75,NSE,2026-10-07
2011,1875.8,NSE,2026-10-07
2013,108.9,NSE,2026-10-07
2014,673.15,NSE,2026-10-07
2015,179.12,NSE,2026-10-07
2016,131.36,NSE,2026-10-07
2018,802.1,NSE,2026-10-07
2019,107.5,NSE,2026-10-07
2020,416.65,NSE,2026-10-07
2023,267.44,NSE,2026-10-07
2025,431.75,NSE,2026-10-07
2026,167.63,NSE,2026-10-07
2027,242.92,NSE,2026-10-07
2028,571.15,NSE,2026-10-07
2029,887.05,NSE,2026-10-07
203,2759.4,NSE,2026-10-07
2030,110.81,NSE,2026-10-07
2031,482.8,NSE,2026-10-07
2032,153.2,NSE,2026-10-07
2034,489.35,NSE,2026-10-07
2035,85.49,NSE,2026-10-07
2036,4064.9,NSE,2026-10-07
2038,194.57,NSE,2026-10-07
2039,256.0,NSE,2026-10-07
2042,114.63,NSE,2026-10-07
2045,158.87,NSE,2026-10-07
2046,731.35,NSE,2026-10-07
2048,369.7,NSE,2026-10-07
2049,290.6,NSE,2026-10-07
205,862.65,NSE,2026-10-07
2053,28.18,NSE,2026-10-07
2054,1189.6,NSE,2026-10-07
2059,831.1,NSE,2026-10-07
206,6.7,NSE,2026-10-07
2064,1780.3,NSE,2026-10-07
2067,174.51,NSE,2026-10-07
2069,274.4,NSE,2026-10-07
207,26.1,NSE,2026-10-07
2073,158.32,NSE,2026-10-07
2074,57.75,NSE,2026-10-07
2075,414.4,NSE,2026-10-07
208,748.2,NSE,2026-10-07
2080,294.25,NSE,2026-10-07
2082,405.3,NSE,2026-10-07
2083,246.31,NSE,2026-10-07
2086,143.97,NSE,2026-10-07
2094,56.87,NSE,2026-10-07
2096,166.91,NSE,2026-10-07
2099,270.7,NSE,2026-10-07
210,25.06,NSE,2026-10-07
211,485.45,NSE,2026-10-07
2110,600.1,NSE,2026-10-07
2117,40.37,NSE,2026-10-07
212,1580.2,NSE,2026-10-07
2125,184.43,NSE,2026-10-07
2126,57.85,NSE,2026-10-07
2127,94.22,NSE,2026-10-07
213,171.05,NSE,2026-10-07
2140,269.95,NSE,2026-10-07
2148,81.71,NSE,2026-10-07
2149,40.89,NSE,2026-10-07
2150,1067.15,NSE,2026-10-07
2152,148.94,NSE,2026-10-07
2161,45.76,NSE,2026-10-07
2172,122.88,NSE,2026-10-07
2174,131.25,NSE,2026-10-07
218,460.6,NSE,2026-10-07
2180,47.6,NSE,2026-10-07
2182,602.45,NSE,2026-10-07
2189,365.75,NSE,2026-10-07
219,4803.0,NSE,2026-10-07
22,1197.9,NSE,2026-10-07
2202,264.6,NSE,2026-10-07
221,32.33,NSE,2026-10-07
2212,50.11,NSE,2026-10-07
222,85.62,NSE,2026-10-07
2225,170.84,NSE,2026-10-07
2227,232.04,NSE,2026-10-07
2229,267.3,NSE,2026-10-07
2230,112.14,NSE,2026-10-07
2231,448.85,NSE,2026-10-07
224,88.79,NSE,2026-10-07
225,9.64,NSE,2026-10-07
2254,1575.6,NSE,2026-10-07
2259,420.45,NSE,2026-10-07
2266,139.57,NSE,2026-10-07
227,52.58,NSE,2026-10-07
228,122.52,NSE,2026-10-07
2287,210.13,NSE,2026-10-07
2289,187.12,NSE,2026-10-07
2290,117.49,NSE,2026-10-07
2297,272.8,NSE,2026-10-07
2298,279.1,NSE,2026-10-07
2306,165.45,NSE,2026-10-07
2317,320.55,NSE,2026-10-07
2318,227.86,NSE,2026-10-07
233,1.98,NSE,2026-10-07
234,5507.0,NSE,2026-10-07
2345,295.15,NSE,2026-10-07
2357,1455.0,NSE,2026-10-07
236,99.49,NSE,2026-10-07
239,11.64,NSE,2026-10-07
240,3.2,BSE,2026-10-07
2407,106.63,NSE,2026-10-07
241,56.36,NSE,2026-10-07
2425,168.23,NSE,2026-10-07
2428,229.52,NSE,2026-10-07
2429,146.06,NSE,2026-10-07
2432,100.29,NSE,2026-10-07
2433,2041.1,NSE,2026-10-07
2435,319.55,NSE,2026-10-07
2448,743.65,BSE,2026-10-07
2450,133.11,NSE,2026-10-07
2453,197.75,NSE,2026-10-07
2454,1072.3,NSE,2026-10-07
2456,209.05,NSE,2026-10-07
2462,32.09,NSE,2026-10-07
2465,288.15,NSE,2026-10-07
2469,394.85,NSE,2026-10-07
2470,562.75,NSE,2026-10-07
2474,109.52,NSE,2026-10-07
2475,631.0,NSE,2026-10-07
2476,578.3,NSE,2026-10-07
2479,657.55,NSE,2026-10-07
2483,58.64,NSE,2026-10-07
2484,1170.4,NSE,2026-10-07
2487,177.67,NSE,2026-10-07
2488,134.42,NSE,2026-10-07
2492,280.65,NSE,2026-10-07
2497,120.11,NSE,2026-10-07
25,103.15,NSE,2026-10-07
250,75.18,NSE,2026-10-07
2500,45.53,NSE,2026-10-07
2501,218.65,BSE,2026-10-07
2502,37.74,NSE,2026-10-07
2509,480.4,NSE,2026-10-07
2510,114.72,NSE,2026-10-07
2514,125.17,NSE,2026-10-07
2516,236.52,NSE,2026-10-07
2518,305.8,NSE,2026-10-07
2524,377.6,NSE,2026-10-07
2525,3058.5,NSE,2026-10-07
2526,292.85,NSE,2026-10-07
2527,146.35,NSE,2026-10-07
2532,418.4,NSE,2026-10-07
254,483.0,NSE,2026-10-07
2541,335.15,NSE,2026-10-07
2543,31.11,NSE,2026-10-07
2548,641.6,NSE,2026-10-07
2549,561.45,NSE,2026-10-07
255,3.43,NSE,2026-10-07
2551,681.3,NSE,2026-10-07
2558,160.31,NSE,2026-10-07
256,172.46,NSE,2026-10-07
2563,136.31,NSE,2026-10-07
2565,486.4,NSE,2026-10-07
2569,721.3,NSE,2026-10-07
2570,600.95,NSE,2026-10-07
2573,1388.5,NSE,2026-10-07
2574,624.1,NSE,2026-10-07
2576,377.35,NSE,2026-10-07
2579,1544.7,NSE,2026-10-07
258,414.5,NSE,2026-10-07
2583,148.03,NSE,2026-10-07
2586,224.99,NSE,2026-10-07
259,1998.3,NSE,2026-10-07
2591,87.94,NSE,2026-10-07
2592,211.86,NSE,2026-10-07
2594,262.25,NSE,2026-10-07
26,418.2,NSE,2026-10-07
260,207.15,NSE,2026-10-07
2601,72.28,NSE,2026-10-07
2622,531.45,NSE,2026-10-07
2624,143.03,NSE,2026-10-07
263,155.22,NSE,2026-10-07
264,279.35,BSE,2026-10-07
2641,91.82,NSE,2026-10-07
2647,350.0,NSE,2026-10-07
265,281.7,NSE,2026-10-07
2654,284.55,NSE,2026-10-07
2657,166.82,NSE,2026-10-07
2658,71.97,NSE,2026-10-07
2659,514.4,NSE,2026-10-07
266,8.65,NSE,2026-10-07
2663,96.51,NSE,2026-10-07
2668,578.0,NSE,2026-10-07
2670,626.85,NSE,2026-10-07
2673,1216.2,NSE,2026-10-07
2675,46.04,NSE,2026-10-07
2676,165.75,NSE,2026-10-07
2678,30.12,NSE,2026-10-07
2681,521.65,NSE,2026-10-07
2682,1359.9,NSE,2026-10-07
2686,360.8,NSE,2026-10-07
2688,302.65,NSE,2026-10-07
270,104.03,NSE,2026-10-07
271,228.22,NSE,2026-10-07
272,2.99,BSE,2026-10-07
273,110.08,NSE,2026-10-07
274,223.56,NSE,2026-10-07
275,1736.0,NSE,2026-10-07
277,1429.3,NSE,2026-10-07
2775,878.9,NSE,2026-10-07
278,3.01,NSE,2026-10-07
2787,229.68,NSE,2026-10-07
2794,3425.6,NSE,2026-10-07
280,1496.0,NSE,2026-10-07
2800,920.25,NSE,2026-10-07
2803,195.42,NSE,2026-10-07
2805,98.78,NSE,2026-10-07
281,51.43,NSE,2026-10-07
2815,1135.6,NSE,2026-10-07
282,236.4,NSE,2026-10-07
2822,720.3,NSE,2026-10-07
2826,50.15,NSE,2026-10-07
2827,227.06,NSE,2026-10-07
2834,143.63,NSE,2026-10-07
2856,1091.05,NSE,2026-10-07
2858,147.34,NSE,2026-10-07
2859,1463.7,NSE,2026-10-07
286,16.93,NSE,2026-10-07
2860,50.79,NSE,2026-10-07
287,14.1,NSE,2026-10-07
2873,615.6,NSE,2026-10-07
2875,297.25,NSE,2026-10-07
2878,34.63,BSE,2026-10-07
2879,226.7,NSE,2026-10-07
288,21.06,NSE,2026-10-07
2880,92.0,NSE,2026-10-07
2882,62.05,NSE,2026-10-07
2885,2.38,NSE,2026-10-07
2886,6.92,NSE,2026-10-07
2887,1.5,NSE,2026-10-07
2889,3323.3,NSE,2026-10-07
289,25.82,NSE,2026-10-07
2894,53.94,NSE,2026-10-07
2895,321.75,NSE,2026-10-07
2897,82.75,NSE,2026-10-07
2898,34.91,BSE,2026-10-07
2899,514.55,NSE,2026-10-07
2900,31.08,NSE,2026-10-07
2902,9.09,NSE,2026-10-07
2903,20050.0,NSE,2026-10-07
2905,308.3,NSE,2026-10-07
2906,475.55,NSE,2026-10-07
2910,214.31,NSE,2026-10-07
2911,252.35,NSE,2026-10-07
2912,287.3,NSE,2026-10-07
2914,38.08,NSE,2026-10-07
2915,636.5,NSE,2026-10-07
2916,465.45,NSE,2026-10-07
2926,284.0,NSE,2026-10-07
2927,10.28,NSE,2026-10-07
2928,91.19,NSE,2026-10-07
2929,1491.1,NSE,2026-10-07
2936,60.46,NSE,2026-10-07
294,57.8,NSE,2026-10-07
2949,501.2,NSE,2026-10-07
2956,699.15,NSE,2026-10-07
297,68.73,NSE,2026-10-07
2971,618.95,NSE,2026-10-07
298,27.12,NSE,2026-10-07
300,2654.4,NSE,2026-10-07
3007,223.63,NSE,2026-10-07
3015,14.86,NSE,2026-10-07
3016,139.08,NSE,2026-10-07
3017,673.0,NSE,2026-10-07
3018,23.3,NSE,2026-10-07
3021,783.8,NSE,2026-10-07
3022,33.09,NSE,2026-10-07
3023,588.55,NSE,2026-10-07
3025,392.4,NSE,2026-10-07
3026,18.44,NSE,2026-10-07
3027,2.6,NSE,2026-10-07
3033,20.79,NSE,2026-10-07
3034,30.95,NSE,2026-10-07
3035,10.59,NSE,2026-10-07
3037,29.05,NSE,2026-10-07
3042,6.59,NSE,2026-10-07
3044,22.59,NSE,2026-10-07
3045,1665.1,NSE,2026-10-07
3046,1.4,NSE,2026-10-07
305,43.8,NSE,2026-10-07
3051,38.34,NSE,2026-10-07
3052,612.8,NSE,2026-10-07
3054,22.78,NSE,2026-10-07
3056,26.17,NSE,2026-10-07
3057,22.69,NSE,2026-10-07
3058,5.51,BSE,2026-10-07
3063,3858.0,NSE,2026-10-07
3066,105.52,NSE,2026-10-07
3068,1767.5,NSE,2026-10-07
3069,295.7,NSE,2026-10-07
3071,1343.8,NSE,2026-10-07
3076,6.02,NSE,2026-10-07
3077,0.94,NSE,2026-10-05
3079,5.95,NSE,2026-10-07
313,17.24,BSE,2026-10-07
315,15.17,NSE,2026-10-07
3151,1743.35,BSE,2026-10-07
316,1.86,NSE,2026-10-07
317,3.42,NSE,2026-10-05
318,260.25,NSE,2026-10-07
319,0.83,NSE,2026-10-07
321,5.78,NSE,2026-10-07
322,58.78,NSE,2026-10-07
323,821.1,NSE,2026-10-07
324,522.0,NSE,2026-10-07
325,0.48,NSE,2026-10-07
327,6.47,NSE,2026-10-07
328,161.15,BSE,2026-10-07
329,3.19,NSE,2026-10-07
33,1849.2,NSE,2026-10-07
330,177.64,NSE,2026-10-07
332,47.16,NSE,2026-10-07
333,40.71,NSE,2026-10-07
336,2.82,BSE,2026-10-07
337,76.74,NSE,2026-10-07
338,1.65,NSE,2026-10-07
339,594.25,NSE,2026-10-07
342,152.4,NSE,2026-10-07
358,1595.9,NSE,2026-10-07
359,13.14,NSE,2026-10-07
36,37.02,NSE,2026-10-07
360,385.05,NSE,2026-10-07
363,806.2,NSE,2026-10-07
369,339.8,NSE,2026-10-07
37,83.38,NSE,2026-10-07
377,657.4,NSE,2026-10-07
38,1273.1,NSE,2026-10-07
4,1249.9,NSE,2026-10-07
418,519.6,NSE,2026-10-07
42,93.35,NSE,2026-10-07
428,34.32,NSE,2026-10-07
43,164.52,NSE,2026-10-07
430,742.05,NSE,2026-10-07
431,111.11,NSE,2026-10-07
437,525.7,NSE,2026-10-07
438,67.1,NSE,2026-10-07
44,2715.4,NSE,2026-10-07
45,325.55,NSE,2026-10-07
455,1.7,NSE,2026-10-05
456,48.72,NSE,2026-10-07
46,406.5,NSE,2026-10-07
466,285.1,NSE,2026-10-07
467,0.68,NSE,2026-10-07
468,56.88,NSE,2026-10-07
469,136.93,NSE,2026-10-07
47,12.16,NSE,2026-10-07
48,828.3,NSE,2026-10-07
481,360.3,NSE,2026-10-07
486,2429.3,NSE,2026-10-07
488,85.88,NSE,2026-10-07
49,259.2,NSE,2026-10-07
492,4990.0,NSE,2026-10-07
493,517.5,NSE,2026-10-07
494,2.6,NSE,2026-10-07
5,35.47,NSE,2026-10-07
50,13.18,NSE,2026-10-07
507,30.63,NSE,2026-10-07
508,141.62,NSE,2026-10-07
51,468.85,NSE,2026-10-07
511,1945.1,NSE,2026-10-07
512,5350.5,NSE,2026-10-07
513,1723.2,NSE,2026-10-07
517,113.85,NSE,2026-10-07
52,199.1,BSE,2026-10-07
520,1101.0,NSE,2026-10-07
521,140.97,NSE,2026-10-07
529,657.6,NSE,2026-10-07
530,171.99,NSE,2026-10-07
532,15.58,BSE,2026-10-07
541,513.05,NSE,2026-10-07
545,311.8,NSE,2026-10-07
55,10.99,BSE,2026-10-07
551,1041.6,NSE,2026-10-07
552,328.4,NSE,2026-10-07
555,3921.35,BSE,2026-10-07
560,270.05,NSE,2026-10-07
562,409.25,NSE,2026-10-07
563,960.3,NSE,2026-10-07
564,412.0,NSE,2026-10-07
57,4.83,NSE,2026-10-07
571,457.5,NSE,2026-10-07
573,3252.1,NSE,2026-10-07
574,583.65,NSE,2026-10-07
579,266.3,NSE,2026-10-07
59,7.05,BSE,2026-10-07
593,2513.4,NSE,2026-10-07
598,440.75,NSE,2026-10-07
599,1131.0,NSE,2026-10-07
6,40.08,BSE,2026-10-07
602,620.05,NSE,2026-10-07
606,2052.8,NSE,2026-10-07
611,3356.0,NSE,2026-10-07
615,3636.0,NSE,2026-10-07
62,1427.7,NSE,2026-10-07
620,1275.0,NSE,2026-10-07
623,5.87,NSE,2026-10-07
631,53.12,NSE,2026-10-07
635,119.98,NSE,2026-10-07
64,52.37,NSE,2026-10-07
645,161.79,NSE,2026-10-07
65,10.53,NSE,2026-10-07
651,144.15,NSE,2026-10-07
660,765.6,NSE,2026-10-07
667,466.7,NSE,2026-10-07
668,1145.8,NSE,2026-10-07
669,55.92,NSE,2026-10-07
672,993.4,NSE,2026-10-07
683,4.17,NSE,2026-10-07
684,1255.1,NSE,2026-10-07
69,37570.0,NSE,2026-10-07
690,413.3,NSE,2026-10-07
698,343.4,NSE,2026-10-07
703,15.93,NSE,2026-10-07
705,13024.0,NSE,2026-10-07
707,1079.2,NSE,2026-10-07
71,4346.3,NSE,2026-10-07
710,517.5,NSE,2026-10-07
711,181.72,NSE,2026-10-07
713,1726.1,NSE,2026-10-07
714,1590.0,NSE,2026-10-07
734,639.6,NSE,2026-10-07
739,270.25,NSE,2026-10-07
746,105.85,NSE,2026-10-07
748,316.55,NSE,2026-10-07
75,16.58,NSE,2026-10-07
752,1047.2,NSE,2026-10-07
753,411.15,NSE,2026-10-07
754,159.29,NSE,2026-10-07
755,115.2,NSE,2026-10-07
756,546.05,NSE,2026-10-07
757,2.84,NSE,2026-10-07
76,779.1,NSE,2026-10-07
77,9.4,NSE,2026-10-07
772,134.62,NSE,2026-10-07
78,34.13,NSE,2026-10-07
788,414.75,NSE,2026-10-07
791,447.75,NSE,2026-10-07
792,6925.0,NSE,2026-10-07
798,2434.0,NSE,2026-10-07
8,363.45,NSE,2026-10-07
80,586.6,NSE,2026-10-07
81,376.4,NSE,2026-10-07
810,680.3,NSE,2026-10-07
816,416.15,NSE,2026-10-07
822,162.99,NSE,2026-10-07
827,1085.0,NSE,2026-10-07
831,4746.3,NSE,2026-10-07
832,0.14,NSE,2026-10-07
834,561.3,NSE,2026-10-07
835,458.7,NSE,2026-10-07
84,183.62,NSE,2026-10-07
846,112.52,NSE,2026-10-07
86,656.0,NSE,2026-10-07
866,200.12,NSE,2026-10-07
88,146.29,NSE,2026-10-07
886,200.74,NSE,2026-10-07
887,5625.5,NSE,2026-10-07
89,56.78,NSE,2026-10-07
891,823.75,NSE,2026-10-07
897,2314.8,NSE,2026-10-07
90,163.95,NSE,2026-10-07
900,1239.6,NSE,2026-10-07
917,847.4,NSE,2026-10-07
92,2.37,NSE,2026-10-07
921,2102.0,NSE,2026-10-07
922,106.66,NSE,2026-10-07
925,1231.7,NSE,2026-10-07
936,91.32,NSE,2026-10-07
969,698.75,NSE,2026-10-07
97,1.46,NSE,2026-10-07
978,541.45,NSE,2026-10-07
979,8310.0,NSE,2026-10-07
980,195.87,NSE,2026-10-07
984,2431.3,NSE,2026-10-07
99,102.04,NSE,2026-10-07
998,1605.3,NSE,2026-10-07
