date,at_10am,source,checked
2005-03-14,,none,
2005-03-17,,none,
2005-03-31,,none,
2005-04-18,,none,
2005-04-27,,none,
2005-04-29,,none,
2005-05-09,,none,
2005-05-17,,none,
2005-05-23,,none,
2005-05-26,,none,
2005-06-10,,none,
2005-06-13,,none,
2005-06-22,,none,
2005-07-06,,none,
2005-07-07,,none,
2005-07-12,,none,
2005-07-18,,none,
2005-07-26,,none,
2005-07-27,,none,
2005-08-02,,none,
2005-08-12,,none,
2005-08-17,,none,
2005-09-01,,none,
2005-09-09,,none,
2005-09-16,,none,
2005-09-21,,none,
2005-10-19,,none,
2005-10-25,,none,
2005-10-31,,none,
2005-11-10,,none,
2005-11-14,,none,
2005-11-16,,none,
2005-11-24,,none,
2005-11-28,,none,
2005-12-05,,none,
2005-12-06,,none,
2005-12-13,,none,
2005-12-14,,none,
2005-12-15,,none,
2005-12-20,,none,
2005-12-22,,none,
2005-12-28,,none,
2006-01-04,,none,
2006-01-05,,none,
2006-01-06,,none,
2006-01-12,,none,
2006-01-13,,none,
2006-02-02,,none,
2006-02-06,,none,
2006-02-15,,none,
2006-02-16,,none,
2006-02-22,,none,
2006-02-23,,none,
2006-02-27,,none,
2006-03-01,,none,
2006-03-02,,none,
2006-03-08,,none,
2006-03-10,,none,
2006-03-16,,none,
2006-03-17,,none,
2006-03-21,,none,
2006-04-03,,none,
2006-04-04,,none,
2006-04-05,,none,
2006-04-10,,none,
2006-04-13,,none,
2006-04-25,,none,
2006-04-26,,none,
2006-04-28,,none,
2006-05-05,,none,
2006-05-09,,none,
2006-05-11,,none,
2006-05-18,,none,
2006-06-12,,none,
2006-06-20,,none,
2006-06-23,,none,
2006-08-21,,none,
2006-08-28,,none,
2006-09-20,,none,
2006-09-25,,none,
2006-09-26,,none,
2006-09-27,,none,
2006-10-04,,none,
2006-10-06,,none,
2006-10-12,,none,
2006-10-17,,none,
2006-10-19,,none,
2006-10-20,,none,
2006-10-21,,none,
2006-10-27,,none,
2006-10-30,,none,
2006-11-21,,none,
2006-11-27,,none,
2006-11-30,,none,
2006-12-11,,none,
2006-12-18,,none,
2006-12-20,,none,
2006-12-28,,none,
2006-12-29,,none,
2007-01-05,,none,
2007-01-09,,none,
2007-01-10,,none,
2007-01-16,,none,
2007-01-31,,none,
2007-02-07,,none,
2007-02-08,,none,
2007-02-09,,none,
2007-02-12,,none,
2007-02-14,,none,
2007-02-15,,none,
2007-02-22,,none,
2007-02-23,,none,
2007-02-26,,none,
2007-02-28,,none,
2007-03-01,,none,
2007-03-07,,none,
2007-03-08,,none,
2007-03-09,,none,
2007-03-16,,none,
2007-03-19,,none,
2007-03-20,,none,
2007-04-11,,none,
2007-04-12,,none,
2007-04-13,,none,
2007-04-19,,none,
2007-05-09,,none,
2007-05-17,,none,
2007-05-24,,none,
2007-05-28,,none,
2007-05-30,,none,
2007-06-04,,none,
2007-06-05,,none,
2007-06-13,,none,
2007-06-18,,none,
2007-06-19,,none,
2007-06-27,,none,
2007-06-28,,none,
2007-07-04,,none,
2007-07-05,,none,
2007-07-09,,none,
2007-07-10,,none,
2007-07-17,,none,
2007-07-19,,none,
2007-07-23,,none,
2007-07-24,,none,
2007-07-25,,none,
2007-08-01,,none,
2007-08-03,,none,
2007-08-06,,none,
2007-08-09,,none,
2007-08-14,,none,
2007-08-16,,none,
2007-08-17,,none,
2007-08-20,,none,
2007-08-21,,none,
2007-08-23,,none,
2007-08-27,,none,
2007-08-28,,none,
2007-08-30,,none,
2007-09-11,,none,
2007-09-14,,none,
2007-09-20,,none,
2007-10-04,,none,
2007-10-05,,none,
2007-10-12,,none,
2007-10-15,,none,
2007-10-17,,none,
2007-10-18,,none,
2007-10-19,,none,
2007-10-25,,none,
2007-11-02,,none,
2007-11-21,,none,
2007-11-22,,none,
2007-11-23,,none,
2007-11-26,,none,
2007-11-27,,none,
2007-12-12,,none,
2007-12-13,,none,
2007-12-14,,none,
2007-12-19,,none,
2007-12-28,,none,
2007-12-31,,none,
2008-01-03,,none,
2008-01-11,,none,
2008-02-01,,none,
2008-02-11,,none,
2008-02-12,,none,
2008-02-13,,none,
2008-02-18,,none,
2008-02-19,,none,
2008-02-20,,none,
2008-02-25,,none,
2008-03-07,,none,
2008-03-12,,none,
2008-03-13,,none,
2008-04-03,,none,
2008-04-07,,none,
2008-04-21,,none,
2008-04-22,,none,
2008-05-07,,none,
2008-06-04,,none,
2008-06-19,,none,
2008-06-27,,none,
2008-07-01,,none,
2008-07-03,,none,
2008-07-04,,none,
2008-07-08,,none,
2008-07-11,,none,
2008-07-14,,none,
2008-07-24,,none,
2008-07-30,,none,
2008-08-11,,none,
2008-08-27,,none,
2008-09-01,,none,
2008-09-04,,none,
2008-09-06,,none,
2008-10-13,,none,
2008-11-06,,none,
2009-03-02,,none,
2009-07-16,,none,
2009-08-03,,none,
2009-08-12,,none,
2009-08-20,,none,
2009-09-01,,none,
2009-09-22,,none,
2009-09-23,,none,
2009-09-30,,none,
2009-10-09,,none,
2009-10-15,,none,
2009-10-26,,none,
2009-10-30,,none,
2009-11-24,,none,
2009-11-25,,none,
2009-12-11,,none,
2010-01-04,,none,
2010-01-05,,none,
2010-01-06,,none,
2010-01-11,,none,
2010-02-03,,none,
2010-02-08,,none,
2010-02-15,,none,
2010-02-19,,none,
2010-02-23,,none,
2010-02-24,,none,
2010-02-25,,none,
2010-03-03,,none,
2010-03-10,,none,
2010-03-11,,none,
2010-03-18,,none,
2010-03-29,,none,
2010-03-30,,none,
2010-04-05,,none,
2010-04-06,,none,
2010-04-09,,none,
2010-04-12,,none,
2010-04-16,,none,
2010-05-10,,none,
2010-05-13,,none,
2010-05-18,,none,
2010-05-19,,none,
2010-05-20,,none,
2010-05-21,,none,
2010-07-01,,none,
2010-07-16,,none,
2010-07-21,,none,
2010-07-28,,none,
2010-08-04,,none,
2010-08-16,,none,
2010-08-18,,none,
2010-08-25,,none,
2010-09-09,,none,
2010-09-29,,none,
2010-10-05,,none,
2010-10-06,,none,
2010-10-08,,none,
2010-10-11,,none,
2010-10-12,,none,
2010-10-13,,none,
2010-10-14,,none,
2010-10-18,,none,
2010-10-20,,none,
2010-10-27,,none,
2010-11-04,,none,
2010-11-16,,none,
2010-12-06,,none,
2010-12-15,,none,
2010-12-20,,none,
2010-12-23,,none,
2010-12-27,,none,
2010-12-30,,none,
2011-01-12,,none,
2011-01-20,,none,
2011-01-27,,none,
2011-02-10,,none,
2011-03-10,,none,
2011-03-11,,none,
2011-03-24,,none,
2011-03-30,,none,
2011-04-08,,none,
2011-05-06,,none,
2011-05-09,,none,
2011-05-10,,none,
2011-05-12,,none,
2011-05-13,,none,
2011-05-23,,none,
2011-05-27,,none,
2011-06-14,,none,
2011-06-22,,none,
2011-07-07,,none,
2011-07-13,,none,
2011-07-28,,none,
2011-08-04,,none,
2011-08-12,,none,
2011-08-26,,none,
2011-09-05,,none,
2011-09-08,,none,
2011-09-16,,none,
2011-09-20,,none,
2011-09-26,,none,
2011-10-04,,none,
2011-10-07,,none,
2011-10-14,,none,
2011-10-17,,none,
2011-10-19,,none,
2011-10-20,,none,
2011-11-02,,none,
2012-03-09,,none,
2012-03-28,,none,
2012-04-12,,none,
2012-05-09,,none,
2012-05-30,,none,
2012-07-18,,none,
2012-12-06,,none,
2012-12-26,,none,
2012-12-27,,none,
2012-12-28,,none,
2013-02-20,,none,
2013-04-01,,none,
2013-06-05,,none,
2014-09-05,,none,
2014-09-12,,none,
2014-09-23,,none,
2014-10-01,,none,
2014-12-19,,none,
2015-03-19,,none,
2015-04-06,,none,
2015-04-09,,none,
2015-04-30,,none,
2015-05-06,,none,
2015-05-14,,none,
2015-05-26,,none,
2015-07-09,,none,
2015-08-11,,none,
2015-08-26,,none,
2015-09-09,,none,
2015-09-10,,none,
2015-09-16,,none,
2015-09-21,,none,
2015-11-02,,none,
2015-11-10,,none,
2015-11-16,,none,
2015-12-23,,none,
2016-01-06,,none,
2016-02-08,,none,
2016-02-12,,none,
2016-02-18,,none,
2016-03-30,,none,
2016-04-01,,none,
2016-04-04,,none,
2016-04-21,,none,
2016-05-09,,none,
2016-05-10,,none,
2016-05-19,,none,
2016-07-01,,none,
2016-07-12,,none,
2016-07-21,,none,
2016-08-01,,none,
2016-08-11,,none,
2016-08-12,,none,
2016-08-31,,none,
2016-09-23,,none,
2016-09-26,,none,
2016-09-29,,none,
2016-10-04,,none,
2016-10-19,,none,
2016-11-07,,none,
2016-11-08,,none,
2016-12-09,,none,
2016-12-19,,none,
2017-02-03,,none,1.0
2017-03-17,,none,1.0
2017-03-21,,none,1.0
2017-03-31,,none,1.0
2017-04-05,9234.15,dhan_1m,1.0
2017-05-09,9322.75,dhan_1m,1.0
2017-05-19,9503.45,dhan_1m,1.0
2017-05-29,9592.9,dhan_1m,1.0
2017-06-27,9548.5,dhan_1m,1.0
2017-06-29,9561.0,dhan_1m,
2017-06-30,9457.7,dhan_1m,
2017-07-04,9643.3,dhan_1m,1.0
2017-07-10,9698.13,dhan_1m,1.0
2017-07-25,9968.5,dhan_1m,1.0
2017-08-10,9867.05,dhan_1m,
2017-08-11,9714.7,dhan_1m,1.0
2017-09-04,9962.4,dhan_1m,1.0
2017-09-18,10161.1,dhan_1m,1.0
2017-09-21,10101.3999,dhan_1m,1.0
2017-09-25,9874.95,dhan_1m,1.0
2017-09-27,9865.05,dhan_1m,1.0
2017-10-03,9854.6,dhan_1m,1.0
2017-10-05,9941.3,dhan_1m,1.0
2017-10-16,10229.2,dhan_1m,
2017-10-18,10203.2999,dhan_1m,1.0
2017-10-23,10164.7999,dhan_1m,1.0
2017-10-25,10264.7,dhan_1m,1.0
2017-11-06,10419.2999,dhan_1m,1.0
2017-11-10,10284.5,dhan_1m,1.0
2017-11-13,10296.3999,dhan_1m,1.0
2017-11-14,10217.6,dhan_1m,1.0
2017-11-17,10332.3999,dhan_1m,
2017-12-15,10366.0,dhan_1m,1.0
2017-12-18,10343.0,dhan_1m,1.0
2017-12-29,10503.8999,dhan_1m,1.0
2018-01-22,10924.0,dhan_1m,1.0
2018-01-29,11145.0,dhan_1m,1.0
2018-01-30,11061.0,dhan_1m,1.0
2018-02-08,10572.7,dhan_1m,1.0
2018-02-26,10558.8999,dhan_1m,1.0
2018-03-09,10276.2,dhan_1m,1.0
2018-03-23,9989.9,dhan_1m,
2018-03-27,10175.2,dhan_1m,1.0
2018-03-28,10132.1,dhan_1m,1.0
2018-04-02,10133.5,dhan_1m,1.0
2018-04-04,10267.7999,dhan_1m,1.0
2018-04-09,10390.8999,dhan_1m,1.0
2018-05-21,10595.5,dhan_1m,1.0
2018-07-02,10651.3999,dhan_1m,1.0
2018-07-06,10779.2,dhan_1m,1.0
2018-07-30,11296.8999,dhan_1m,
2018-08-06,11395.1,dhan_1m,1.0
2018-08-23,11570.6,dhan_1m,1.0
2018-09-28,10965.5,dhan_1m,1.0
2018-10-08,10316.0,dhan_1m,1.0
2018-10-10,10410.8999,dhan_1m,1.0
2019-02-04,10839.2999,dhan_1m,1.0
2019-02-07,11087.0,dhan_1m,1.0
2019-03-29,11590.2,dhan_1m,
2019-04-11,11580.7999,dhan_1m,1.0
2019-04-15,11655.5,dhan_1m,1.0
2019-04-16,11768.7999,dhan_1m,1.0
2019-05-08,11424.7999,dhan_1m,1.0
2019-07-01,11843.8999,dhan_1m,1.0
2019-07-04,11956.2999,dhan_1m,1.0
2019-08-08,10870.6,dhan_1m,1.0
2019-08-19,11114.6,dhan_1m,1.0
2019-08-20,11020.3999,dhan_1m,
2019-10-14,11341.3999,dhan_1m,1.0
2019-10-15,11386.6,dhan_1m,1.0
2019-12-02,12089.2999,dhan_1m,1.0
2019-12-04,12019.7999,dhan_1m,1.0
2019-12-12,11962.3999,dhan_1m,1.0
2019-12-30,12261.7,dhan_1m,1.0
2020-03-16,9521.85,dhan_1m,1.0
2020-07-23,11159.1,dhan_1m,
2020-09-17,11562.2999,dhan_1m,1.0
2020-09-21,11488.6,dhan_1m,1.0
2020-10-01,11384.6,dhan_1m,1.0
2020-10-05,11549.6,dhan_1m,1.0
2020-10-12,11980.2999,dhan_1m,1.0
2020-10-15,11974.8999,dhan_1m,1.0
2020-11-02,11564.6,dhan_1m,1.0
2020-11-20,12815.2,dhan_1m,1.0
2020-12-14,13542.7,dhan_1m,1.0
2020-12-24,13709.0,dhan_1m,
2021-01-01,14026.6,dhan_1m,1.0
2021-01-29,13839.2,dhan_1m,1.0
2021-02-02,14721.7999,dhan_1m,1.0
2021-02-03,14744.0,dhan_1m,1.0
2021-02-05,14952.2,dhan_1m,1.0
2021-02-25,15142.1,dhan_1m,1.0
2021-02-26,14865.2999,dhan_1m,1.0
2021-03-05,15068.3999,dhan_1m,1.0
2021-03-15,14877.7999,dhan_1m,
2021-03-19,14456.7,dhan_1m,1.0
2021-03-24,14705.0,dhan_1m,1.0
2021-03-25,14417.0,dhan_1m,1.0
2021-03-26,14445.6,dhan_1m,1.0
2021-03-30,14721.0,dhan_1m,1.0
2021-04-07,14761.7999,dhan_1m,1.0
2021-04-19,14226.8999,dhan_1m,1.0
2021-06-24,15746.5,dhan_1m,1.0
2021-06-28,15861.6,dhan_1m,1.0
2021-07-05,15816.0,dhan_1m,
2021-07-19,15826.2999,dhan_1m,1.0
2021-07-23,15844.7,dhan_1m,1.0
2021-07-29,15757.7,dhan_1m,1.0
2021-08-06,16318.2,dhan_1m,
2021-08-09,16311.5,dhan_1m,1.0
2021-08-16,16538.2,dhan_1m,1.0
2021-08-20,16464.9,dhan_1m,
2021-08-23,16499.2,dhan_1m,1.0
2021-08-24,16522.7999,dhan_1m,1.0
2021-09-14,17414.0999,dhan_1m,1.0
2021-09-24,17872.0999,dhan_1m,1.0
2021-10-01,17483.5508,dhan_1m,1.0
2021-10-11,17967.0996,dhan_1m,1.0
2021-11-10,17940.5996,dhan_1m,1.0
2021-11-12,17980.9492,dhan_1m,
2021-11-15,18177.4004,dhan_1m,
2021-11-18,17850.9492,dhan_1m,1.0
2021-11-23,17419.9492,dhan_1m,
2021-11-26,17222.3008,dhan_1m,1.0
2021-11-30,17252.0508,dhan_1m,
2021-12-10,17468.8008,dhan_1m,1.0
2021-12-13,17633.0996,dhan_1m,1.0
2021-12-14,17318.1504,dhan_1m,1.0
2021-12-17,17087.1992,dhan_1m,
2021-12-20,16664.0,dhan_1m,
2021-12-21,16818.6992,dhan_1m,1.0
2021-12-22,16911.4492,dhan_1m,1.0
2021-12-23,17077.0508,dhan_1m,1.0
2021-12-24,17006.3008,dhan_1m,1.0
2021-12-27,16959.8008,dhan_1m,
2021-12-28,17193.1992,dhan_1m,
2021-12-31,17345.6992,dhan_1m,
2022-01-31,17301.4004,dhan_1m,
2022-02-08,17203.8008,dhan_1m,
2022-02-16,17361.8008,dhan_1m,
2022-04-07,17722.5508,dhan_1m,1.0
2022-04-11,17693.3496,dhan_1m,1.0
2022-04-13,17599.0508,dhan_1m,1.0
2022-05-09,16234.5498,dhan_1m,1.0
2022-05-10,16284.25,dhan_1m,1.0
2022-05-17,15958.5,dhan_1m,1.0
2022-05-20,16159.4004,dhan_1m,1.0
2022-05-24,16142.75,dhan_1m,1.0
2022-05-27,16300.0996,dhan_1m,1.0
2022-05-30,16610.0996,dhan_1m,1.0
2022-06-01,16560.25,dhan_1m,1.0
2022-06-03,16781.6504,dhan_1m,1.0
2022-08-26,17658.4492,dhan_1m,1.0
2022-09-06,17669.0,dhan_1m,1.0
2022-09-15,17970.0508,dhan_1m,1.0
2022-09-26,17046.5,dhan_1m,1.0
2022-10-17,17167.5,dhan_1m,1.0
2022-10-20,17467.75,dhan_1m,1.0
2022-11-11,18300.1992,dhan_1m,1.0
2022-11-15,18302.0508,dhan_1m,1.0
2022-11-16,18379.0508,dhan_1m,1.0
2022-11-21,18167.5,dhan_1m,1.0
2022-11-22,18196.0,dhan_1m,1.0
2022-11-23,18271.5996,dhan_1m,1.0
2022-11-24,18346.0,dhan_1m,1.0
2022-12-08,18615.4492,dhan_1m,1.0
2022-12-12,18478.3008,dhan_1m,1.0
2022-12-22,18234.8496,dhan_1m,1.0
2022-12-23,17966.4004,dhan_1m,1.0
2022-12-29,18020.0,dhan_1m,1.0
2022-12-30,18242.9492,dhan_1m,1.0
2023-01-04,18114.3496,dhan_1m,1.0
2023-01-12,17878.9492,dhan_1m,1.0
2023-03-14,17172.4492,dhan_1m,1.0
2023-03-23,17130.8496,dhan_1m,1.0
2023-04-03,17381.0508,dhan_1m,1.0
2023-04-18,17673.5996,dhan_1m,1.0
2023-05-09,18321.55078125,dhan_1m,1.0
2023-06-16,18758.95,dhan_1m,1.0
2023-07-04,19301.9,dhan_1m,1.0
2023-07-07,19519.75,dhan_1m,
2023-07-10,19398.4,dhan_1m,
2023-07-14,19458.25,dhan_1m,1.0
2023-07-21,19860.65,dhan_1m,
2023-07-27,19812.4,dhan_1m,
2023-08-07,19548.0,dhan_1m,
2023-08-16,19362.65,dhan_1m,1.0
2023-08-18,19264.55,dhan_1m,1.0
2023-08-23,19386.8,dhan_1m,1.0
2023-08-29,19332.4,dhan_1m,1.0
2023-08-31,19378.7,dhan_1m,1.0
2023-09-05,19579.75,dhan_1m,1.0
2023-09-11,19923.35,dhan_1m,1.0
2023-09-18,20179.0,dhan_1m,1.0
2023-09-20,20005.85,dhan_1m,1.0
2023-09-21,19777.15,dhan_1m,1.0
2023-09-22,19682.05,dhan_1m,1.0
2023-09-27,19590.65,dhan_1m,1.0
2023-09-28,19685.8,dhan_1m,1.0
2023-10-03,19492.85,dhan_1m,1.0
2023-10-04,19394.5,dhan_1m,1.0
2023-10-06,19599.9,dhan_1m,1.0
2023-10-12,19776.7,dhan_1m,1.0
2023-10-26,18930.7,dhan_1m,1.0
2023-11-01,19039.9,dhan_1m,1.0
2023-11-06,19350.3,dhan_1m,1.0
2023-11-07,19356.0,dhan_1m,1.0
2023-11-10,19336.7,dhan_1m,1.0
2023-11-13,19464.3,dhan_1m,1.0
2023-11-15,19634.3,dhan_1m,1.0
2023-11-29,20001.85,dhan_1m,1.0
2023-11-30,20047.6,dhan_1m,1.0
2023-12-01,20254.45,dhan_1m,1.0
2023-12-20,21565.85,dhan_1m,1.0
2023-12-21,21068.4,dhan_1m,1.0
2023-12-26,21401.9,dhan_1m,1.0
2023-12-27,21550.2,dhan_1m,1.0
2023-12-28,21735.15,dhan_1m,1.0
2023-12-29,21729.9,dhan_1m,1.0
2024-01-16,22074.65,dhan_1m,1.0
2024-01-23,21661.4,dhan_1m,1.0
2024-01-30,21745.8,dhan_1m,1.0
2024-01-31,21540.5,dhan_1m,1.0
2024-02-06,21862.4,dhan_1m,1.0
2024-02-12,21711.1,dhan_1m,1.0
2024-02-14,21612.8,dhan_1m,
2024-02-16,22009.1,dhan_1m,
2024-02-20,22070.85,dhan_1m,1.0
2024-02-28,22183.25,dhan_1m,
2024-02-29,22010.05,dhan_1m,
2024-03-05,22329.6,dhan_1m,
2024-03-07,22479.1,dhan_1m,1.0
2024-03-12,22430.85,dhan_1m,1.0
2024-03-13,22280.3,dhan_1m,1.0
2024-03-14,22028.35,dhan_1m,1.0
2024-03-19,21886.2,dhan_1m,1.0
2024-03-21,22008.4,dhan_1m,1.0
2024-04-03,22384.6,dhan_1m,1.0
2024-04-12,22654.3,dhan_1m,1.0
2024-04-30,22740.95,dhan_1m,1.0
2024-05-13,21844.45,dhan_1m,1.0
2024-05-15,22226.6,dhan_1m,1.0
2024-05-23,22677.35,dhan_1m,1.0
2024-05-30,22593.65,dhan_1m,1.0
2024-06-10,23248.25,dhan_1m,1.0
2024-06-18,23560.05,dhan_1m,1.0
2024-06-26,23702.0,dhan_1m,1.0
2024-06-28,24138.3,dhan_1m,1.0
2024-07-02,24125.35,dhan_1m,1.0
2024-07-03,24277.1,dhan_1m,1.0
2024-07-10,24359.05,dhan_1m,1.0
2024-07-26,24579.25,dhan_1m,1.0
2024-08-06,24345.15,dhan_1m,1.0
2024-08-08,24204.6,dhan_1m,1.0
2024-08-09,24373.85,dhan_1m,1.0
2024-08-13,24325.3,dhan_1m,1.0
2024-08-20,24702.7,dhan_1m,1.0
2024-08-26,24976.75,dhan_1m,1.0
2024-08-28,25023.55,dhan_1m,1.0
2024-09-03,25254.9,dhan_1m,1.0
2024-09-04,25118.8,dhan_1m,1.0
2024-09-06,24976.7,dhan_1m,1.0
2024-09-09,24833.5,dhan_1m,1.0
2024-09-12,24995.7,dhan_1m,1.0
2024-09-16,25422.95,dhan_1m,1.0
2024-09-17,25360.25,dhan_1m,1.0
2024-09-24,25962.05,dhan_1m,1.0
2024-09-30,25966.75,dhan_1m,1.0
2024-10-03,25562.5,dhan_1m,1.0
2024-10-04,25290.6,dhan_1m,1.0
2024-10-15,25082.15,dhan_1m,1.0
2024-10-22,24878.9,dhan_1m,
2024-10-28,24288.0,dhan_1m,
2024-10-30,24398.1,dhan_1m,1.0
2024-11-04,24046.15,dhan_1m,
2024-11-12,24206.8,dhan_1m,
2024-11-13,23784.9,dhan_1m,
2024-11-14,23641.1,dhan_1m,1.0
2024-11-22,23494.75,dhan_1m,1.0
2024-11-27,24197.85,dhan_1m,1.0
2024-11-29,24046.2,dhan_1m,1.0
2024-12-06,24694.7,dhan_1m,1.0
2024-12-18,24252.25,dhan_1m,1.0
2024-12-19,23956.7,dhan_1m,1.0
2024-12-20,23854.7,dhan_1m,1.0
2024-12-27,23913.85,dhan_1m,1.0
2024-12-30,23752.6,dhan_1m,1.0
2024-12-31,23523.4,dhan_1m,1.0
2025-01-07,23673.5,dhan_1m,1.0
2025-01-13,23225.5,dhan_1m,1.0
2025-01-14,23168.85,dhan_1m,1.0
2025-01-20,23224.8,dhan_1m,1.0
2025-01-23,23191.15,dhan_1m,1.0
2025-01-29,23052.85,dhan_1m,1.0
2025-02-04,23562.25,dhan_1m,1.0
2025-02-17,22757.0,dhan_1m,1.0
2025-02-19,22988.4,dhan_1m,1.0
2025-02-24,22583.05,dhan_1m,1.0
2025-05-06,24387.0,dhan_1m,1.0
2025-05-27,24763.25,dhan_1m,1.0
2025-05-28,24775.7,dhan_1m,1.0
2025-06-02,24602.25,dhan_1m,1.0
2025-06-03,24632.85,dhan_1m,1.0
2025-06-04,24574.5,dhan_1m,1.0
2025-06-20,24865.2,dhan_1m,1.0
2025-06-25,25204.85,dhan_1m,1.0
2025-07-01,25564.7,dhan_1m,1.0
2025-07-02,25531.85,dhan_1m,1.0
2025-07-03,25555.55,dhan_1m,1.0
2025-07-09,25512.8,dhan_1m,1.0
2025-07-14,25124.35,dhan_1m,1.0
2025-07-17,25190.55,dhan_1m,1.0
2025-07-21,25032.55,dhan_1m,1.0
2025-07-30,24835.25,dhan_1m,1.0
2025-07-31,24668.1,dhan_1m,1.0
2025-08-01,24691.6,dhan_1m,1.0
2025-08-05,24597.4,dhan_1m,1.0
2025-08-06,24627.2,dhan_1m,
2025-08-12,24680.7,dhan_1m,
2025-08-14,24630.45,dhan_1m,1.0
2025-08-19,24911.05,dhan_1m,
2025-08-20,24978.15,dhan_1m,
2025-08-26,24781.4,dhan_1m,
2025-08-28,24590.0,dhan_1m,1.0
2025-09-03,24591.8,dhan_1m,1.0
2025-09-09,24845.95,dhan_1m,1.0
2025-09-17,25316.25,dhan_1m,1.0
2025-09-23,25139.8,dhan_1m,1.0
2025-09-24,25092.4,dhan_1m,1.0
2025-09-25,25046.45,dhan_1m,1.0
2025-09-26,24804.65,dhan_1m,1.0
2025-09-29,24764.95,dhan_1m,1.0
2025-09-30,24666.4,dhan_1m,1.0
2025-10-01,24675.4,dhan_1m,1.0
2025-10-03,24820.25,dhan_1m,1.0
2025-10-06,24960.35,dhan_1m,1.0
2025-10-07,25189.65,dhan_1m,1.0
2025-10-08,25162.15,dhan_1m,1.0
2025-10-10,25268.1,dhan_1m,1.0
2025-10-13,25193.6,dhan_1m,1.0
2025-10-14,25218.7,dhan_1m,1.0
2025-10-16,25431.9,dhan_1m,1.0
2025-10-17,25609.45,dhan_1m,1.0
2025-10-24,25888.15,dhan_1m,1.0
2025-11-06,25637.7,dhan_1m,1.0
2025-11-07,25336.5,dhan_1m,1.0
2025-11-10,25567.9,dhan_1m,1.0
2025-11-12,25859.95,dhan_1m,1.0
2025-11-14,25809.05,dhan_1m,1.0
2025-11-18,25892.75,dhan_1m,1.0
2025-11-19,25917.75,dhan_1m,1.0
2025-11-20,26082.55,dhan_1m,1.0
2025-11-21,26117.05,dhan_1m,1.0
2025-11-26,26086.55,dhan_1m,1.0
2025-11-28,26253.45,dhan_1m,1.0
2025-12-10,25884.5,dhan_1m,1.0
2025-12-15,25952.65,dhan_1m,1.0
2025-12-17,25865.6,dhan_1m,1.0
2025-12-19,25961.3,dhan_1m,1.0
2025-12-23,26173.9,dhan_1m,1.0
2025-12-30,25934.6,dhan_1m,1.0
2026-01-19,25520.6,dhan_1m,1.0
2026-01-21,25151.55,dhan_1m,1.0
2026-01-28,25304.45,dhan_1m,
2026-02-16,25499.85,dhan_1m,
2026-02-27,25331.4,dhan_1m,
2026-03-02,24939.65,dhan_1m,1.0
2026-03-04,24315.45,dhan_1m,
2026-03-05,24635.25,dhan_1m,
2026-03-11,24146.0,dhan_1m,1.0
2026-03-19,23231.15,dhan_1m,1.0
2026-03-23,22587.75,dhan_1m,1.0
2026-03-24,22747.3,dhan_1m,1.0
2026-03-30,22605.5,dhan_1m,1.0
2026-04-02,22211.15,dhan_1m,1.0
2026-04-17,24234.85,dhan_1m,1.0
2026-05-08,24199.45,dhan_1m,1.0
2026-06-10,23368.9,dhan_1m,1.0
2026-06-12,23343.85,dhan_1m,1.0
2026-06-29,24080.8,dhan_1m,1.0
2026-07-01,23988.1,dhan_1m,1.0
2026-07-02,24125.6,dhan_1m,1.0
2026-07-06,24386.75,dhan_1m,1.0
2026-07-08,24245.7,dhan_1m,1.0
2026-07-15,24179.15,dhan_1m,1.0
2026-07-16,24124.05,dhan_1m,1.0
2026-07-21,24229.4,dhan_1m,1.0
2026-07-24,23644.55,dhan_1m,1.0
2026-07-30,24272.85,dhan_1m,1.0
2026-08-05,24601.75,dhan_1m,1.0
2026-08-06,24624.75,dhan_1m,1.0
2026-08-12,24374.35,dhan_1m,1.0
2026-08-14,24346.35,dhan_1m,1.0
2026-08-17,24286.2,dhan_1m,1.0
2026-08-18,24223.7,dhan_1m,1.0
2026-08-19,24098.55,dhan_1m,1.0
2026-08-24,24269.4,dhan_1m,1.0
2026-08-25,24140.25,dhan_1m,1.0
2026-08-26,24365.55,dhan_1m,1.0
2026-08-28,24149.5,dhan_1m,1.0
2026-08-31,24030.9,dhan_1m,1.0
2026-09-01,24018.85,dhan_1m,1.0
2026-09-02,23847.3,dhan_1m,1.0
2026-09-03,23999.85,dhan_1m,1.0
2026-09-04,23952.4,dhan_1m,1.0
2026-09-07,23817.75,dhan_1m,1.0
2026-09-08,23673.8,dhan_1m,1.0
2026-09-15,23383.1,dhan_1m,1.0
2026-09-16,23216.85,dhan_1m,1.0
2026-09-17,23282.75,dhan_1m,1.0
2026-09-18,23330.35,dhan_1m,1.0
2026-09-21,23392.0,dhan_1m,
2026-09-23,23380.3,dhan_1m,
2026-09-24,23229.0,dhan_1m,
2026-09-29,22607.75,dhan_1m,
2026-09-30,22722.1,dhan_1m,
2026-10-01,22583.65,dhan_1m,1.0
2026-10-05,22569.3,dhan_1m,1.0
2026-10-06,22660.75,dhan_1m,1.0
